"0","# on extrait les mvtreel positifs de 2020"
"0","# et o,supprime un mvt-mauvaise technique"
"0","MvtReel2020<-subset(MvtReel,MvtReel$AnReel==""2020"" & MvtReel$MONTANT>0 & MvtReel$TYPE!=""A11-Proximus"")"
"0","#"
"0","Debits2020<-subset(Journal_2020,Journal_2020$Montant<0)"
"0","# on groupe par Proprio et "
"0","groupColumns = c(""TYPE"",""DateMvt"")"
"0","dataColumns = c(""MONTANT"")   #, ""rbi"",""sb"")"
"0","GroupMvtReel2020 = ddply(MvtReel2020, groupColumns, function(x) colSums(x[dataColumns]))"
"0","GroupMvtReel2020$Proprio<-as.factor(GroupMvtReel2020$TYPE)"
"0","subset(GroupMvtReel2020, select=-c(TYPE))"
