"0","glimpse(Journal_2020)
"
"1","Rows: 210"
"1",""
"1","
"
"1","Columns: 11"
"1",""
"1","
"
"1","$ Proprio     [3m[38;5;246m<fct>[39m[23m ADRealisations, ADRealisations, ADRealisations, ADRealisations, ADRealisations, ADRealisa…
$ Lot         [3m[38;5;246m<fct>[39m[23m P3, P3, P3, P3, P3, P3, P3, P3, P3, P3, P3, A1, A1, A1, A1, A1, A1, A1, A1, A1, A1, A1, A…
$ Periode     [3m[38;5;246m<int>[39m[23m 9, 9, 9, 9, 10, 11, 11, 12, 12, 12, 12, 9, 9, 9, 9, 10, 10, 11, 11, 11, 11, 11, 11, 11, 1…
$ DateDoc     [3m[38;5;246m<fct>[39m[23m 01/01/2020, 01/01/2020, 17/02/2020, 31/03/2020, 01/04/2020, 01/07/2020, 01/07/2020, 01/10…
$ Journal     [3m[38;5;246m<fct>[39m[23m SPY, FAP, B10, B10, FAP, B10, FAP, FAP, B10, FAP, SCY, SPY, FAP, B10, B10, FAP, B10, B10,…
$ NumDoc      [3m[38;5;246m<fct>[39m[23m XXXXX, 20.001, 20.002, 20.006, 20.019, 20.017, 20.037, 20.055, 20.024, 20.073, YYYYY, XXX…
$ Debit       [3m[38;5;246m<fct>[39m[23m ""102.77"", ""20,24"", """", """", ""20,24"", """", ""20,24"", ""20,24"", """", ""5,38"", ""189,11"", ""792.16"",…
$ Credit      [3m[38;5;246m<fct>[39m[23m """", """", ""20,24"", ""20,24"", """", ""20,24"", """", """", ""20,24"", """", ""80,96"", """", """", ""232,14"", ""2…
$ Montant     [3m[38;5;246m<fct>[39m[23m ""-10277"", ""-20,24"", ""20,24"", ""20,24"", ""-20,24"", ""20,24"", ""-20,24"", ""-20,24"", ""20,24"", ""-5…
$ Commentaire [3m[38;5;246m<fct>[39m[23m Solde périodes antérieures, Appel de provisions du 1 trimestre 2020 ( Janvier - , +++001/…
$ TS          [3m[38;5;246m<dbl>[39m[23m 1577833200, 1577833200, 1581894000, 1585605600, 1585692000, 1593554400, 1593554400, 16015…"
"1",""
"1","
"
