"ANNEE + REFERENCE";"DATE DE L'EXECUTION";"DATE VALEUR";"MONTANT";"DEVISE DU COMPTE";"CONTREPARTIE DE L'OPERATION";"DETAIL";"NUMERO DE COMPTE"
"2013-0063";"01/02/2013";"01/02/2013";"-14,20";"EUR";"210-0884830-48";"TEST-ACHATS COMMUNICATION: TA/BD 02-2013       1371727-50 DATE VALEUR : 01/02/2013";"BE93 2100 7634 0567 ";
"2013-0062";"01/02/2013";"01/02/2013";"14,00";"EUR";"VERSEMENT TOTAL SERVICE BONUS";"POUR 2012 DETAILS VOIR ANNEXE DATE VALEUR : 01/02/2013";"BE93 2100 7634 0567 ";
"2013-0061";"31/01/2013";"31/01/2013";"-82,10";"EUR";"028-2344251-46";"PAIEMENT AU PROFIT DE                    31-01           82,10- AG INSURANCE DOM/RI COMMUNICATION: ASSURANCE AUTO 028-2344251-46 PRIME D U 31/01/2013 AU 27/02/2013 DATE VALEUR : 31/01/2013";"BE93 2100 7634 0567 ";
"2013-0060";"30/01/2013";"30/01/2013";"-12,68";"EUR";"PAIEMENT PAR CARTE DE BANQUE";"AVEC LA CARTE 6703 04XX XXXX X004 2 AVA 06            LIEGE 2 30-01-2013 DATE VALEUR : 30/01/2013";"BE93 2100 7634 0567 ";
"2013-0059";"30/01/2013";"30/01/2013";"-41,80";"EUR";"PAIEMENT PAR CARTE DE BANQUE";"AVEC LA CARTE 6703 04XX XXXX X004 2 LUKOIL ANGLEUR    ANGLEUR 30-01-2013 DATE VALEUR : 30/01/2013";"BE93 2100 7634 0567 ";
"2013-0058";"29/01/2013";"29/01/2013";"-7,00";"EUR";"PAIEMENT PAR CARTE DE BANQUE";"AVEC LA CARTE 6703 04XX XXXX X004 2 CHR CITADELLE     LIEGE 29-01-2013 DATE VALEUR : 29/01/2013";"BE93 2100 7634 0567 ";
"2013-0057";"29/01/2013";"29/01/2013";"-7,56";"EUR";"091-0175502-58";"VOO DATE VALEUR : 29/01/2013";"BE93 2100 7634 0567 ";
"2013-0056";"29/01/2013";"29/01/2013";"-12,80";"EUR";"PAIEMENT PAR CARTE DE BANQUE";"AVEC LA CARTE 6703 21XX XXXX X800 7 EPC FAM           ANGLEUR 29-01-2013 DATE VALEUR : 29/01/2013";"BE93 2100 7634 0567 ";
"2013-0055";"28/01/2013";"26/01/2013";"-28,83";"EUR";"001-4221952-06";"VIREMENT AU COMPTE 435-4111611-55        26-01           28,83- DE BELGACOM VIA PC BANKING COMMUNICATION: 10753349 EXECUTE LE 26-01 DATE VALEUR : 26/01/2013";"BE93 2100 7634 0567 ";
"2013-0054";"26/01/2013";"26/01/2013";"-69,00";"EUR";"PAIEMENT PAR CARTE DE BANQUE";"AVEC LA CARTE 6703 04XX XXXX X004 2 CARREFOUR 609     LIEGE 2 26-01-2013 DATE VALEUR : 26/01/2013";"BE93 2100 7634 0567 ";
"2013-0053";"25/01/2013";"25/01/2013";"-10,89";"EUR";"PAIEMENT PAR CARTE DE BANQUE";"AVEC LA CARTE 6703 04XX XXXX X004 2 SUPERPLASTIC      LIEGE 25-01-2013 DATE VALEUR : 25/01/2013";"BE93 2100 7634 0567 ";
"2013-0052";"25/01/2013";"25/01/2013";"-71,34";"EUR";"PAIEMENT PAR CARTE DE BANQUE";"AVEC LA CARTE 6703 04XX XXXX X004 2 SHELL 279         SERAING 25-01-2013 DATE VALEUR : 25/01/2013";"BE93 2100 7634 0567 ";
"2013-0051";"25/01/2013";"25/01/2013";"-603,00";"EUR";"611-5963170-68";"VOTRE VIREMENT AVEC DATE-MEMO            25-01          603,00- AU PROFIT DU COMPTE 611-5963170-68 DE M&MME BAR-BORN VIA PC/WEB BANKING COMMUNICATION: MNT VIA DB1 DATE VALEUR : 25/01/2013";"BE93 2100 7634 0567 ";
"2013-0050";"25/01/2013";"25/01/2013";"14,71";"EUR";"340-0307500-48";"VIREMENT DU COMPTE 340-0307500-48        25-01           14,71+ DE OMNIMUT RUE NATALIS 47 B 4020 LIEGE 2 COMMUNICATION: PAIEM. MAMMOGRAPHIE        /420133700 8062 724011305619 DATE VALEUR : 25/01/2013";"BE93 2100 7634 0567 ";
"2013-0049";"25/01/2013";"25/01/2013";"96,15";"EUR";"340-0308412-87";"VIREMENT DU COMPTE 340-0308412-87        25-01           96,15+ DE OMNIMUT RUE NATALIS 47 B 4020 LIEGE 2 COMMUNICATION: /C/ PAIEM.                     /02013 35525418 724011300757 DATE VALEUR : 25/01/2013";"BE93 2100 7634 0567 ";
"2013-0048";"24/01/2013";"24/01/2013";"70,33";"EUR";"340-0308412-87";"VIREMENT DU COMPTE 340-0308412-87        24-01           70,33+ DE OMNIMUT RUE NATALIS 47 B 4020 LIEGE 2 COMMUNICATION: /C/ PAIEM.                     /02013 37049687 723011301367 DATE VALEUR : 24/01/2013";"BE93 2100 7634 0567 ";
"2013-0047";"24/01/2013";"24/01/2013";"1947,64";"EUR";"BE44 0011 3066 5645 ";"O.N.P. BE44 0011 3066 5645  BIC GEBABEBB REFERENCE DONNEUR D'ORDRE : 49011303925 01/2013 076471 COMMUNICATION : /B/ PENS.01/2013  B   49011303925  PR ECOMPTE: 218,85 COTIS.AMI: 81,43 SOLI D: 45,88 PLUS D'INFOS:WWW.MYPENSION.B E";"BE93 2100 7634 0567 ";
"2013-0046";"23/01/2013";"23/01/2013";"-39,50";"EUR";"PAIEMENT PAR CARTE DE BANQUE";"AVEC LA CARTE 6703 04XX XXXX X004 2 COMBUST.PIRON     HERSTAL 23-01-2013 DATE VALEUR : 23/01/2013";"BE93 2100 7634 0567 ";
"2013-0045";"21/01/2013";"21/01/2013";"-49,74";"EUR";"028-0422452-11";"PAIEMENT AU PROFIT DE                    21-01           49,74- AG INSURANCE DOM/RI COMMUNICATION: ASSURANCE AUTO 028-0422452-11 PRIME D U 19/01/2013 AU 18/02/2013 DATE VALEUR : 21/01/2013";"BE93 2100 7634 0567 ";
"2013-0044";"21/01/2013";"20/01/2013";"-80,00";"EUR";"RETRAIT D'ARGENT A NOS DISTRIBUT";"AVEC LA CARTE 6703 04XX XXXX X004 2 ANGL.SART TILMAN  ANGLEUR 20-01-2013 EXECUTE LE 20-01 DATE VALEUR : 20/01/2013";"BE93 2100 7634 0567 ";
"2013-0043";"21/01/2013";"20/01/2013";"600,00";"EUR";"035-5963142-11";"VIREMENT DU COMPTE 035-5963142-11        20-01          600,00+ DE BAR JEAN R.BEL.JARDINIERE 186 4031 LIEGE COMMUNICATION: D4C DATE VALEUR : 20/01/2013";"BE93 2100 7634 0567 ";
"2013-0042";"19/01/2013";"19/01/2013";"-16,82";"EUR";"PAIEMENT PAR CARTE DE BANQUE";"AVEC LA CARTE 6703 04XX XXXX X004 2 3612 BONCELLES    BONCELLES 19-01-2013 DATE VALEUR : 19/01/2013";"BE93 2100 7634 0567 ";
"2013-0041";"19/01/2013";"21/01/2013";"-50,00";"EUR";"363-0008980-96";"VOTRE ORDRE PERMANENT AU PROFIT          21-01           50,00- DU COMPTE 363-0008980-96 DE RAPHAEL BAR COMMUNICATION: PENSION EXTRA LEGALE DATE VALEUR : 21/01/2013";"BE93 2100 7634 0567 ";
"2013-0040";"18/01/2013";"18/01/2013";"-50,00";"EUR";"240-0806697-49";"VOTRE ORDRE PERMANENT AU PROFIT          18-01           50,00- DU COMPTE 240-0806697-49 DE BAR STEPHANIE COMMUNICATION: PCLI COMME PROMIS DATE VALEUR : 18/01/2013";"BE93 2100 7634 0567 ";
"2013-0039";"18/01/2013";"18/01/2013";"-71,00";"EUR";"PAIEMENT PAR CARTE DE BANQUE";"AVEC LA CARTE 6703 04XX XXXX X004 2 CHR CITADELLE     LIEGE 18-01-2013 DATE VALEUR : 18/01/2013";"BE93 2100 7634 0567 ";
"2013-0038";"17/01/2013";"17/01/2013";"-45,89";"EUR";"001-4221952-06";"BELGACOM MOBILE COMMUNICATION: 123001892014   123001892014 DATE VALEUR : 17/01/2013";"BE93 2100 7634 0567 ";
"2013-0037";"16/01/2013";"16/01/2013";"-15,67";"EUR";"BE08 3401 3010 3613 ";"LABORATOIRE DOCTEUR COLLARD BE08340130103613 BIC BBRUBEBB    VIA PC BANKING COMMUNICATION : 019225593895 DATE VALEUR : 16/01/2013";"BE93 2100 7634 0567 ";
"2013-0036";"16/01/2013";"22/01/2013";"-23,82";"EUR";"DROITS DE GARDE";"DATE VALEUR : 22/01/2013";"BE93 2100 7634 0567 ";
"2013-0035";"16/01/2013";"16/01/2013";"-29,43";"EUR";"BE94 0960 1144 5314 ";"CHR DE LA CITADELLE INTERCOMMUNALE BE94096011445314 BIC GKCCBEBB    VIA PC BANKING COMMUNICATION : 121108215706 DATE VALEUR : 16/01/2013";"BE93 2100 7634 0567 ";
"2013-0034";"16/01/2013";"16/01/2013";"-53,90";"EUR";"PAIEMENT PAR CARTE DE BANQUE";"AVEC LA CARTE 6703 21XX XXXX X800 7 EPC FAM           ANGLEUR 16-01-2013 DATE VALEUR : 16/01/2013";"BE93 2100 7634 0567 ";
"2013-0033";"16/01/2013";"16/01/2013";"-1010,30";"EUR";"BE90 2400 5456 5332 ";"SC PETROLWORKS BE90240054565332 BIC GEBABEBB    VIA PC BANKING COMMUNICATION : 039090000088 DATE VALEUR : 16/01/2013";"BE93 2100 7634 0567 ";
"2013-0032";"15/01/2013";"15/01/2013";"-22,00";"EUR";"PAIEMENT PAR CARTE DE BANQUE";"AVEC LA CARTE 6703 04XX XXXX X004 2 DECOR CENTER      LIEGE 2 15-01-2013 DATE VALEUR : 15/01/2013";"BE93 2100 7634 0567 ";
"2013-0031";"14/01/2013";"14/01/2013";"-0,80";"EUR";"PAIEMENT A BANK CARD COMPANY";"COMPTE INTERNE MASTERCARD: ETAT DE DEPENSES NUMERO 004 DATE VALEUR : 14/01/2013";"BE93 2100 7634 0567 ";
"2013-0030";"14/01/2013";"14/01/2013";"-12,53";"EUR";"PAIEMENT PAR CARTE DE BANQUE";"AVEC LA CARTE 6703 04XX XXXX X004 2 3612 BONCELLES    BONCELLES 14-01-2013 DATE VALEUR : 14/01/2013";"BE93 2100 7634 0567 ";
"2013-0029";"14/01/2013";"14/01/2013";"-47,52";"EUR";"PAIEMENT PAR CARTE DE BANQUE";"AVEC LA CARTE 6703 04XX XXXX X004 2 MERY BOIS         ESNEUX 14-01-2013 DATE VALEUR : 14/01/2013";"BE93 2100 7634 0567 ";
"2013-0028";"14/01/2013";"14/01/2013";"-82,74";"EUR";"BE56 0960 0975 5288 ";"CHU SART TILMAN BE56096009755288 BIC GKCCBEBB    VIA PC BANKING COMMUNICATION : 121002366070 DATE VALEUR : 14/01/2013";"BE93 2100 7634 0567 ";
"2013-0027";"14/01/2013";"14/01/2013";"-300,00";"EUR";"FR76 1810 6008 1094 4800 7905 049";"CHRISTINE GREGOIRE FR7618106008109448007905049 BIC AGRIFRPP881 VIA PC BANKING COMMUNICATION : acompte eaux bleues juillet 2013 DATE VALEUR : 14/01/2013";"BE93 2100 7634 0567 ";
"2013-0026";"14/01/2013";"13/01/2013";"-466,80";"EUR";"210-0700712-36";"REMBOURSEMENT CREDIT HABITATION          13-01          466,80- 210-0700712-36 EXECUTE LE 13-01 DATE VALEUR : 13/01/2013";"BE93 2100 7634 0567 ";
"2013-0025";"14/01/2013";"14/01/2013";"1500,00";"EUR";"035-5963142-11";"VIREMENT DU COMPTE 035-5963142-11        14-01        1.500,00+ DE BAR JEAN R.BEL.JARDINIERE 186 4031 LIEGE COMMUNICATION: D4C DATE VALEUR : 14/01/2013";"BE93 2100 7634 0567 ";
"2013-0024";"12/01/2013";"12/01/2013";"-11,94";"EUR";"PAIEMENT PAR CARTE DE BANQUE";"AVEC LA CARTE 6703 04XX XXXX X004 2 CARREFOUR 0609    LIEGE 2 12-01-2013 DATE VALEUR : 12/01/2013";"BE93 2100 7634 0567 ";
"2013-0023";"11/01/2013";"11/01/2013";"-25,00";"EUR";"PAIEMENT PAR CARTE DE BANQUE";"AVEC LA CARTE 6703 04XX XXXX X004 2 MERY BOIS         ESNEUX 11-01-2013 DATE VALEUR : 11/01/2013";"BE93 2100 7634 0567 ";
"2013-0022";"10/01/2013";"10/01/2013";"-125,00";"EUR";"PAIEMENT PAR CARTE DE BANQUE";"AVEC LA CARTE 6703 21XX XXXX X800 7 CENTRE DE SENOLO  LIEGE 10-01-2013 DATE VALEUR : 10/01/2013";"BE93 2100 7634 0567 ";
"2013-0021";"10/01/2013";"10/01/2013";"12,00";"EUR";"BE86 4600 3378 6150 ";"PAUWELS LUCIE ROELAND SAVERYSTRAAT 16 8500    KORTRIJK BE86 4600 3378 6150  BIC KREDBEBB COMMUNICATION : EBAY AANKOOP CASSE TETE METAL DATE VALEUR : 10/01/2013";"BE93 2100 7634 0567 ";
"2013-0020";"09/01/2013";"09/01/2013";"-64,95";"EUR";"PAIEMENT PAR CARTE DE BANQUE";"AVEC LA CARTE 6703 21XX XXXX X800 7 EPC FAM           ANGLEUR 09-01-2013 DATE VALEUR : 09/01/2013";"BE93 2100 7634 0567 ";
"2013-0019";"09/01/2013";"09/01/2013";"15,71";"EUR";"340-0308412-87";"VIREMENT DU COMPTE 340-0308412-87        09-01           15,71+ DE OMNIMUT RUE NATALIS 47 B 4020 LIEGE 2 COMMUNICATION: /C/ PAIEM.                     /02013 37009563 708011302103 DATE VALEUR : 09/01/2013";"BE93 2100 7634 0567 ";
"2013-0018";"09/01/2013";"09/01/2013";"33,38";"EUR";"340-0308412-87";"VIREMENT DU COMPTE 340-0308412-87        09-01           33,38+ DE OMNIMUT RUE NATALIS 47 B 4020 LIEGE 2 COMMUNICATION: /C/ PAIEM.                     /02013 37009562 708011302102 DATE VALEUR : 09/01/2013";"BE93 2100 7634 0567 ";
"2013-0017";"08/01/2013";"01/01/2013";"-0,27";"EUR";"INTERETS NETS : DETAILS VOIR ANN";"EXECUTE LE 07-01 DATE VALEUR : 01/01/2013";"BE93 2100 7634 0567 ";
"2013-0016";"08/01/2013";"01/01/2013";"-4,59";"EUR";"REDEVANCE MENSUELLE";"SERVICE PACK EXECUTE LE 07-01 DATE VALEUR : 01/01/2013";"BE93 2100 7634 0567 ";
"2013-0015";"08/01/2013";"08/01/2013";"-13,99";"EUR";"091-0175502-58";"VOO DATE VALEUR : 08/01/2013";"BE93 2100 7634 0567 ";
"2013-0014";"08/01/2013";"08/01/2013";"-836,56";"EUR";"PAIEMENT PAR CARTE DE BANQUE";"AVEC LA CARTE 6703 04XX XXXX X004 2 NORDICA SA        LIEGE 08-01-2013 DATE VALEUR : 08/01/2013";"BE93 2100 7634 0567 ";
"2013-0013";"07/01/2013";"07/01/2013";"-10,00";"EUR";"PAIEMENT PAR CARTE DE BANQUE";"AVEC LA CARTE 6703 04XX XXXX X004 2 BELGACOM 742      LIEGE 2 07-01-2013 DATE VALEUR : 07/01/2013";"BE93 2100 7634 0567 ";
"2013-0012";"07/01/2013";"07/01/2013";"-69,00";"EUR";"PAIEMENT PAR CARTE DE BANQUE";"AVEC LA CARTE 6703 04XX XXXX X004 2 BASE BELLE ILE    LIEGE 2 07-01-2013 DATE VALEUR : 07/01/2013";"BE93 2100 7634 0567 ";
"2013-0011";"07/01/2013";"06/01/2013";"310,49";"EUR";"035-7362568-18";"VIREMENT DU COMPTE 035-7362568-18        06-01          310,49+ DE BAR JEAN R.BEL.JARDINIERE 186 4031 LIEGE COMMUNICATION: D3C DATE VALEUR : 06/01/2013";"BE93 2100 7634 0567 ";
"2013-0010";"07/01/2013";"06/01/2013";"2220,27";"EUR";"035-5963142-11";"VIREMENT DU COMPTE 035-5963142-11        06-01        2.220,27+ DE BAR JEAN R.BEL.JARDINIERE 186 4031 LIEGE COMMUNICATION: D4C DATE VALEUR : 06/01/2013";"BE93 2100 7634 0567 ";
"2013-0009";"05/01/2013";"05/01/2013";"-30,00";"EUR";"035-5963142-11";"VOTRE EPARGNE AUTOMATIQUE AU PROFIT      05-01           30,00- DU COMPTE NO 035-5963142-11 DE BAR JEAN COMMUNICATION: PRE 5 PLUS INDEX ALIX 25 DATE VALEUR : 05/01/2013";"BE93 2100 7634 0567 ";
"2013-0008";"05/01/2013";"05/01/2013";"-1250,00";"EUR";"240-0805097-01";"VOTRE ORDRE PERMANENT AU PROFIT          05-01        1.250,00- DU COMPTE 240-0805097-01 DE BORN ALIX COMMUNICATION: ALI DATE VALEUR : 05/01/2013";"BE93 2100 7634 0567 ";
"2013-0007";"04/01/2013";"03/01/2013";"-83,74";"EUR";"PAIEMENT PAR CARTE DE BANQUE";"AVEC LA CARTE 6703 04XX XXXX X004 2 SHELL BONCELLES   BONCELLES 03-01-2013 EXECUTE LE 03-01 DATE VALEUR : 03/01/2013";"BE93 2100 7634 0567 ";
"2013-0006";"04/01/2013";"04/01/2013";"-113,79";"EUR";"210-0000664-37";"AG INSURANCE  DOM COMMUNICATION: 03/000089486611/2013-01-01 DATE VALEUR : 04/01/2013";"BE93 2100 7634 0567 ";
"2013-0005";"03/01/2013";"03/01/2013";"-5,58";"EUR";"PAIEMENT AU PROFIT DE";"AGALLIS COMMUNICATION: PRIME ASSURANCE VIE S/PRET POL. 1032620  01/13 DATE VALEUR : 03/01/2013";"BE93 2100 7634 0567 ";
"2013-0004";"03/01/2013";"03/01/2013";"-86,98";"EUR";"PAIEMENT PAR CARTE DE BANQUE";"AVEC LA CARTE 6703 04XX XXXX X004 2 CARREFOUR 0609    LIEGE 2 03-01-2013 DATE VALEUR : 03/01/2013";"BE93 2100 7634 0567 ";
"2013-0003";"02/01/2013";"02/01/2013";"-7,56";"EUR";"091-0175502-58";"VOO DATE VALEUR : 02/01/2013";"BE93 2100 7634 0567 ";
"2013-0002";"02/01/2013";"02/01/2013";"-14,20";"EUR";"210-0884830-48";"TEST-ACHATS COMMUNICATION: TA/BD 01-2013       1371727-50 DATE VALEUR : 02/01/2013";"BE93 2100 7634 0567 ";
"2013-0001";"02/01/2013";"02/01/2013";"-50,00";"EUR";"001-5932488-44";"VOTRE VIREMENT AVEC DATE-MEMO            02-01           50,00- AU PROFIT DU COMPTE 001-5932488-44 DE BORLON JEAN-PIERRE VIA PC/WEB BANKING COMMUNICATION: COTISATION MCB 2013 DATE VALEUR : 02/01/2013";"BE93 2100 7634 0567 ";
"2012-0625";"31/12/2012";"31/12/2012";"-80,00";"EUR";"RETRAIT D'ARGENT A NOS DISTRIBUT";"AVEC LA CARTE 6703 04XX XXXX X004 2 ANGL.SART TILMAN  ANGLEUR 31-12-2012 DATE VALEUR : 31/12/2012";"BE93 2100 7634 0567 ";
"2012-0624";"31/12/2012";"31/12/2012";"-82,10";"EUR";"028-2344251-46";"PAIEMENT AU PROFIT DE                    31-12           82,10- AG INSURANCE DOM/RI COMMUNICATION: ASSURANCE AUTO 028-2344251-46 PRIME D U 31/12/2012 AU 30/01/2013 DATE VALEUR : 31/12/2012";"BE93 2100 7634 0567 ";
"2012-0623";"31/12/2012";"31/12/2012";"-100,86";"EUR";"210-0000889-68";"BELGACOM COMMUNICATION: 6230185542 DATE VALEUR : 31/12/2012";"BE93 2100 7634 0567 ";
"2012-0622";"31/12/2012";"31/12/2012";"24,00";"EUR";"063-1387723-76";"VIREMENT DU COMPTE 063-1387723-76        31-12           24,00+ DE BORN - LEVEQUE VOIE DES FOSSES         49 4672 SAINTREMYLG COMMUNICATION: CARTES PARISIENNES. MERCI DATE VALEUR : 31/12/2012";"BE93 2100 7634 0567 ";
"2012-0621";"29/12/2012";"29/12/2012";"-55,00";"EUR";"PAIEMENT PAR CARTE DE BANQUE";"AVEC LA CARTE 6703 04XX XXXX X004 2 SATURN LIEGE      LIEGE 2 29-12-2012 DATE VALEUR : 29/12/2012";"BE93 2100 7634 0567 ";
"2012-0620";"28/12/2012";"28/12/2012";"-16,97";"EUR";"PAIEMENT PAR CARTE DE BANQUE";"AVEC LA CARTE 6703 04XX XXXX X004 2 LEONIDAS          LIEGE 2 28-12-2012 DATE VALEUR : 28/12/2012";"BE93 2100 7634 0567 ";
"2012-0619";"28/12/2012";"28/12/2012";"-18,75";"EUR";"PAIEMENT PAR CARTE DE BANQUE";"AVEC LA CARTE 6703 04XX XXXX X004 2 EPC FAM           ANGLEUR 28-12-2012 DATE VALEUR : 28/12/2012";"BE93 2100 7634 0567 ";
"2012-0618";"28/12/2012";"28/12/2012";"-336,00";"EUR";"335-0554598-95";"EDF LUMINUS COMMUNICATION: LUMINUS ACOMPTE 9443632895 DATE VALEUR : 28/12/2012";"BE93 2100 7634 0567 ";
"2012-0617";"24/12/2012";"23/12/2012";"-23,38";"EUR";"PAIEMENT PAR CARTE DE BANQUE";"AVEC LA CARTE 6703 04XX XXXX X004 2 DATS 24 BONCELLE  BONCELLES 23-12-2012 EXECUTE LE 23-12 DATE VALEUR : 23/12/2012";"BE93 2100 7634 0567 ";
"2012-0616";"22/12/2012";"22/12/2012";"-37,72";"EUR";"PAIEMENT PAR CARTE DE BANQUE";"AVEC LA CARTE 6703 04XX XXXX X004 2 EPC FAM           ANGLEUR 22-12-2012 DATE VALEUR : 22/12/2012";"BE93 2100 7634 0567 ";
"2012-0615";"22/12/2012";"22/12/2012";"-108,10";"EUR";"PAIEMENT PAR CARTE DE BANQUE";"AVEC LA CARTE 6703 04XX XXXX X004 2 CARREFOUR 0609    LIEGE 2 22-12-2012 DATE VALEUR : 22/12/2012";"BE93 2100 7634 0567 ";
"2012-0614";"22/12/2012";"22/12/2012";"-110,00";"EUR";"PAIEMENT PAR CARTE DE BANQUE";"AVEC LA CARTE 6703 04XX XXXX X004 2 BELLE-ILE LIEGE   TOURNAI 22-12-2012 DATE VALEUR : 22/12/2012";"BE93 2100 7634 0567 ";
"2012-0613";"22/12/2012";"21/12/2012";"-720,00";"EUR";"240-0805097-01";"VIREMENT AU COMPTE 240-0805097-01        21-12          720,00- DE ALIX BORN VIA PC BANKING COMMUNICATION: PEA EXECUTE LE 21-12 DATE VALEUR : 21/12/2012";"BE93 2100 7634 0567 ";
"2012-0612";"21/12/2012";"21/12/2012";"1929,42";"EUR";"BE44 0011 3066 5645 ";"O.N.P. BE44 0011 3066 5645  BIC GEBABEBB REFERENCE DONNEUR D'ORDRE : 49011303925 12/2012 124258 COMMUNICATION : /B/ PENS.12/2012  A   49011303925  PR ECOMPTE: 237,08 COTIS.AMI: 81,43 SOLI D: 45,87 PLUS D'INFOS:WWW.MYPENSION.B E";"BE93 2100 7634 0567 ";
"2012-0611";"20/12/2012";"20/12/2012";"-38,87";"EUR";"PAIEMENT PAR CARTE DE BANQUE";"AVEC LA CARTE 6703 21XX XXXX X800 7 EPC FAM           ANGLEUR 20-12-2012 DATE VALEUR : 20/12/2012";"BE93 2100 7634 0567 ";
"2012-0610";"19/12/2012";"19/12/2012";"-10,99";"EUR";"PAIEMENT PAR CARTE DE BANQUE";"AVEC LA CARTE 6703 04XX XXXX X004 2 BRICOPLANIT       ROCOURT 19-12-2012 DATE VALEUR : 19/12/2012";"BE93 2100 7634 0567 ";
"2012-0609";"19/12/2012";"19/12/2012";"-39,60";"EUR";"PAIEMENT PAR CARTE DE BANQUE";"AVEC LA CARTE 6703 04XX XXXX X004 2 MAKRO ALLEUR      ALLEUR 19-12-2012 DATE VALEUR : 19/12/2012";"BE93 2100 7634 0567 ";
"2012-0608";"19/12/2012";"19/12/2012";"-49,74";"EUR";"028-0422452-11";"PAIEMENT AU PROFIT DE                    19-12           49,74- AG INSURANCE DOM/RI COMMUNICATION: ASSURANCE AUTO 028-0422452-11 PRIME D U 19/12/2012 AU 18/01/2013 DATE VALEUR : 19/12/2012";"BE93 2100 7634 0567 ";
"2012-0607";"19/12/2012";"19/12/2012";"-50,00";"EUR";"363-0008980-96";"VOTRE ORDRE PERMANENT AU PROFIT          19-12           50,00- DU COMPTE 363-0008980-96 DE RAPHAEL BAR COMMUNICATION: PENSION EXTRA LEGALE DATE VALEUR : 19/12/2012";"BE93 2100 7634 0567 ";
"2012-0606";"19/12/2012";"18/12/2012";"-102,01";"EUR";"240-0805097-01";"VIREMENT AU COMPTE 240-0805097-01        18-12          102,01- DE ALIX BORN VIA PC BANKING COMMUNICATION: JOYEUX NOEL ET QUI PAYE SES DETTES S ENRICHIT EXECUTE LE 18-12 DATE VALEUR : 18/12/2012";"BE93 2100 7634 0567 ";
"2012-0605";"18/12/2012";"18/12/2012";"-43,21";"EUR";"001-4221952-06";"BELGACOM MOBILE COMMUNICATION: 123001724800 DATE VALEUR : 18/12/2012";"BE93 2100 7634 0567 ";
"2012-0604";"18/12/2012";"18/12/2012";"-50,00";"EUR";"240-0806697-49";"VOTRE ORDRE PERMANENT AU PROFIT          18-12           50,00- DU COMPTE 240-0806697-49 DE BAR STEPHANIE COMMUNICATION: PCLI COMME PROMIS DATE VALEUR : 18/12/2012";"BE93 2100 7634 0567 ";
"2012-0603";"17/12/2012";"17/12/2012";"-23,67";"EUR";"611-5963170-68";"VIREMENT AU COMPTE 611-5963170-68        17-12           23,67- DE M&MME BAR-BORN VIA PC BANKING COMMUNICATION: DEN POUR DB1 EXECUTE LE 16-12 DATE VALEUR : 17/12/2012";"BE93 2100 7634 0567 ";
"2012-0602";"17/12/2012";"16/12/2012";"-500,00";"EUR";"001-5078514-58";"VIREMENT AU COMPTE 001-5078514-58        16-12          500,00- DE AG INSURANCE/ASSUR.VIE VIA PC BANKING COMMUNICATION: 006-9796994-62 EXECUTE LE 16-12 DATE VALEUR : 16/12/2012";"BE93 2100 7634 0567 ";
"2012-0601";"17/12/2012";"17/12/2012";"-910,00";"EUR";"BE03 0354 0109 9384 ";"BORN ALIX BE03035401099384 BIC GEBABEBB    VIA PC BANKING PAS DE COMMUNICATION EXECUTE LE 16-12 DATE VALEUR : 17/12/2012";"BE93 2100 7634 0567 ";
"2012-0600";"17/12/2012";"17/12/2012";"-910,00";"EUR";"BE89 0354 0109 9485 ";"BAR JEAN BE89035401099485 BIC GEBABEBB    VIA PC BANKING PAS DE COMMUNICATION EXECUTE LE 16-12 DATE VALEUR : 17/12/2012";"BE93 2100 7634 0567 ";
"2012-0599";"15/12/2012";"15/12/2012";"-95,90";"EUR";"PAIEMENT PAR CARTE DE BANQUE";"AVEC LA CARTE 6703 04XX XXXX X004 2 CARREFOUR 0609    LIEGE 2 15-12-2012 DATE VALEUR : 15/12/2012";"BE93 2100 7634 0567 ";
"2012-0598";"14/12/2012";"14/12/2012";"-19,80";"EUR";"PAIEMENT PAR CARTE DE BANQUE";"AVEC LA CARTE 6703 04XX XXXX X004 2 CARREFOUR 0612    BONCELLES 14-12-2012 DATE VALEUR : 14/12/2012";"BE93 2100 7634 0567 ";
"2012-0597";"14/12/2012";"14/12/2012";"-57,33";"EUR";"PAIEMENT PAR CARTE DE BANQUE";"AVEC LA CARTE 6703 04XX XXXX X004 2 DATS 24 BONCELLE  BONCELLES 14-12-2012 DATE VALEUR : 14/12/2012";"BE93 2100 7634 0567 ";
"2012-0596";"14/12/2012";"14/12/2012";"15,71";"EUR";"340-0308412-87";"VIREMENT DU COMPTE 340-0308412-87        14-12           15,71+ DE OMNIMUT RUE NATALIS 47 B 4020 LIEGE 2 COMMUNICATION: /C/ PAIEM.                     /02012 37774320 713121201733 DATE VALEUR : 14/12/2012";"BE93 2100 7634 0567 ";
"2012-0595";"14/12/2012";"14/12/2012";"23,38";"EUR";"340-0308412-87";"VIREMENT DU COMPTE 340-0308412-87        14-12           23,38+ DE OMNIMUT RUE NATALIS 47 B 4020 LIEGE 2 COMMUNICATION: /C/ PAIEM.                     /02012 37776760 713121204135 DATE VALEUR : 14/12/2012";"BE93 2100 7634 0567 ";
"2012-0594";"13/12/2012";"13/12/2012";"-18,50";"EUR";"PAIEMENT PAR CARTE DE BANQUE";"AVEC LA CARTE 6703 21XX XXXX X800 7 EPC FAM           ANGLEUR 13-12-2012 DATE VALEUR : 13/12/2012";"BE93 2100 7634 0567 ";
"2012-0593";"13/12/2012";"13/12/2012";"-21,20";"EUR";"BE31 4354 1116 1155 ";"PROXIMUS BE31435411161155 BIC KREDBEBB    VIA PC BANKING COMMUNICATION : 107533493617 DATE VALEUR : 13/12/2012";"BE93 2100 7634 0567 ";
"2012-0592";"13/12/2012";"13/12/2012";"-35,00";"EUR";"PAIEMENT A BANK CARD COMPANY";"COMPTE INTERNE MASTERCARD: ETAT DE DEPENSES NUMERO 339 DATE VALEUR : 13/12/2012";"BE93 2100 7634 0567 ";
"2012-0591";"13/12/2012";"13/12/2012";"-466,80";"EUR";"210-0700712-36";"REMBOURSEMENT CREDIT HABITATION          13-12          466,80- 210-0700712-36 DATE VALEUR : 13/12/2012";"BE93 2100 7634 0567 ";
"2012-0590";"13/12/2012";"13/12/2012";"2320,00";"EUR";"BE40 0011 7455 0263 ";"VIREMENT EUROPEEN DE                     13-12        2.320,00+ AG INS./ASSURANCES VIE/LIS BE40 0011 7455 0263  BIC GEBABEBB REFERENCE DONNEUR D'ORDRE : AGINS/121212/SCT010000002 COMMUNICATION : RACHAT PARTIEL 006-3820286-09 AU NOM DE BAR JEAN DATE VALEUR : 13/12/2012";"BE93 2100 7634 0567 ";
"2012-0589";"12/12/2012";"11/12/2012";"2500,00";"EUR";"035-5963142-11";"VIREMENT DU COMPTE 035-5963142-11        11-12        2.500,00+ DE BAR JEAN R.BEL.JARDINIERE 186 4031 LIEGE COMMUNICATION: D4C DATE VALEUR : 11/12/2012";"BE93 2100 7634 0567 ";
"2012-0588";"11/12/2012";"11/12/2012";"-13,99";"EUR";"091-0175502-58";"VOO DATE VALEUR : 11/12/2012";"BE93 2100 7634 0567 ";
"2012-0587";"11/12/2012";"11/12/2012";"-23,67";"EUR";"PAIEMENT PAR CARTE DE BANQUE";"AVEC LA CARTE 6703 04XX XXXX X004 2 CHR CITADELLE     LIEGE 11-12-2012 DATE VALEUR : 11/12/2012";"BE93 2100 7634 0567 ";
"2012-0586";"11/12/2012";"11/12/2012";"18,74";"EUR";"BE13 2100 0007 6339 ";"AG INSURANCE SA BD EMILE JACQMAIN 53 1000     BRUXELLES BE13 2100 0007 6339  BIC GEBABEBB REFERENCE DONNEUR D'ORDRE : 08926722 COMMUNICATION : FRAIS SOINS DE SANTE H659/1806/895753 85";"BE93 2100 7634 0567 ";
"2012-0585";"10/12/2012";"10/12/2012";"-29,67";"EUR";"PAIEMENT PAR CARTE DE BANQUE";"AVEC LA CARTE 6703 04XX XXXX X004 2 CARREFOUR 0609    LIEGE 2 10-12-2012 DATE VALEUR : 10/12/2012";"BE93 2100 7634 0567 ";
"2012-0584";"10/12/2012";"10/12/2012";"-42,34";"EUR";"PAIEMENT PAR CARTE DE BANQUE";"AVEC LA CARTE 6703 04XX XXXX X004 2 EPC FAM           ANGLEUR 10-12-2012 DATE VALEUR : 10/12/2012";"BE93 2100 7634 0567 ";
"2012-0583";"10/12/2012";"10/12/2012";"-79,80";"EUR";"PAIEMENT PAR CARTE DE BANQUE";"AVEC LA CARTE 6703 04XX XXXX X004 2 BRICOPLANIT       ROCOURT 10-12-2012 DATE VALEUR : 10/12/2012";"BE93 2100 7634 0567 ";
"2012-0582";"08/12/2012";"08/12/2012";"-10,81";"EUR";"PAIEMENT PAR CARTE DE BANQUE";"AVEC LA CARTE 6703 04XX XXXX X004 2 CARREFOUR 0609    LIEGE 2 08-12-2012 DATE VALEUR : 08/12/2012";"BE93 2100 7634 0567 ";
"2012-0581";"08/12/2012";"08/12/2012";"-38,67";"EUR";"PAIEMENT PAR CARTE DE BANQUE";"AVEC LA CARTE 6703 04XX XXXX X004 2 SHELL 728         BONCELLES 08-12-2012 DATE VALEUR : 08/12/2012";"BE93 2100 7634 0567 ";
"2012-0580";"08/12/2012";"08/12/2012";"-86,38";"EUR";"PAIEMENT PAR CARTE DE BANQUE";"AVEC LA CARTE 6703 04XX XXXX X004 2 CARREFOUR 0609    LIEGE 2 08-12-2012 DATE VALEUR : 08/12/2012";"BE93 2100 7634 0567 ";
"2012-0579";"07/12/2012";"01/12/2012";"-4,59";"EUR";"REDEVANCE MENSUELLE";"SERVICE PACK EXECUTE LE 06-12 DATE VALEUR : 01/12/2012";"BE93 2100 7634 0567 ";
"2012-0578";"07/12/2012";"07/12/2012";"-29,34";"EUR";"340-0307500-48";"OMNIMUT COMMUNICATION: VOS COTISATIONS  0380019280035 DATE VALEUR : 07/12/2012";"BE93 2100 7634 0567 ";
"2012-0577";"07/12/2012";"07/12/2012";"-30,84";"EUR";"340-0307500-48";"OMNIMUT COMMUNICATION: ASS.HOSPITALIA   0380019280035 DATE VALEUR : 07/12/2012";"BE93 2100 7634 0567 ";
"2012-0576";"07/12/2012";"07/12/2012";"17,19";"EUR";"340-0308412-87";"VIREMENT DU COMPTE 340-0308412-87        07-12           17,19+ DE OMNIMUT RUE NATALIS 47 B 4020 LIEGE 2 COMMUNICATION: /C/ PAIEM.                     /02012 37753409 706121201359 DATE VALEUR : 07/12/2012";"BE93 2100 7634 0567 ";
"2012-0575";"07/12/2012";"07/12/2012";"17,19";"EUR";"340-0308412-87";"VIREMENT DU COMPTE 340-0308412-87        07-12           17,19+ DE OMNIMUT RUE NATALIS 47 B 4020 LIEGE 2 COMMUNICATION: /C/ PAIEM.                     /02012 37753408 706121201358 DATE VALEUR : 07/12/2012";"BE93 2100 7634 0567 ";
"2012-0574";"06/12/2012";"06/12/2012";"-116,60";"EUR";"091-0007753-22";"CILE    ANGLEUR COMMUNICATION: 121103746329 012846.1  11/12 DATE VALEUR : 06/12/2012";"BE93 2100 7634 0567 ";
"2012-0573";"05/12/2012";"05/12/2012";"-20,51";"EUR";"611-5963170-68";"VIREMENT AU COMPTE 611-5963170-68        05-12           20,51- DE M&MME BAR-BORN VIA PC BANKING COMMUNICATION: MAI-DB1 EXECUTE LE 04-12 DATE VALEUR : 05/12/2012";"BE93 2100 7634 0567 ";
"2012-0572";"05/12/2012";"05/12/2012";"-30,00";"EUR";"035-5963142-11";"VOTRE EPARGNE AUTOMATIQUE AU PROFIT      05-12           30,00- DU COMPTE NO 035-5963142-11 DE BAR JEAN COMMUNICATION: PRE 5 PLUS INDEX ALIX 25 DATE VALEUR : 05/12/2012";"BE93 2100 7634 0567 ";
"2012-0571";"05/12/2012";"05/12/2012";"-1250,00";"EUR";"240-0805097-01";"VOTRE ORDRE PERMANENT AU PROFIT          05-12        1.250,00- DU COMPTE 240-0805097-01 DE BORN ALIX COMMUNICATION: ALI DATE VALEUR : 05/12/2012";"BE93 2100 7634 0567 ";
"2012-0570";"05/12/2012";"04/12/2012";"80,95";"EUR";"240-0480511-74";"VIREMENT DU COMPTE 240-0480511-74        04-12           80,95+ DE SCHOFFENIELS EVELINE DR.D.BOIS DE NEUVILLE 43 4121 NEUVILLE-EN-CONDROZ COMMUNICATION: PARIS XL DATE VALEUR : 04/12/2012";"BE93 2100 7634 0567 ";
"2012-0569";"04/12/2012";"04/12/2012";"-7,56";"EUR";"091-0175502-58";"VOO DATE VALEUR : 04/12/2012";"BE93 2100 7634 0567 ";
"2012-0568";"04/12/2012";"04/12/2012";"-14,64";"EUR";"PAIEMENT AU PROFIT DE";"AGALLIS COMMUNICATION: PRIME ASSURANCE VIE S/PRET POL. 1032620  12/12 DATE VALEUR : 04/12/2012";"BE93 2100 7634 0567 ";
"2012-0567";"04/12/2012";"04/12/2012";"-34,90";"EUR";"PAIEMENT PAR CARTE DE BANQUE";"AVEC LA CARTE 6703 04XX XXXX X004 2 AVA LIEGE         LIEGE 2 04-12-2012 DATE VALEUR : 04/12/2012";"BE93 2100 7634 0567 ";
"2012-0566";"04/12/2012";"04/12/2012";"20,31";"EUR";"DIVIDENDE EN ESPECES";"DATE VALEUR : 04/12/2012";"BE93 2100 7634 0567 ";
"2012-0565";"03/12/2012";"03/12/2012";"-11,70";"EUR";"PAIEMENT PAR CARTE DE BANQUE";"AVEC LA CARTE 6703 21XX XXXX X800 7 LEONIDAS          LIEGE 2 03-12-2012 DATE VALEUR : 03/12/2012";"BE93 2100 7634 0567 ";
"2012-0564";"03/12/2012";"03/12/2012";"-13,45";"EUR";"210-0884830-48";"TEST-ACHATS COMMUNICATION: TA/BD 12-2012       1371727-50 DATE VALEUR : 03/12/2012";"BE93 2100 7634 0567 ";
"2012-0563";"03/12/2012";"03/12/2012";"-80,00";"EUR";"RETRAIT D'ARGENT A NOS DISTRIBUT";"AVEC LA CARTE 6703 04XX XXXX X004 2 BELLE ILE LGE     LIEGE 03-12-2012 DATE VALEUR : 03/12/2012";"BE93 2100 7634 0567 ";
"2012-0562";"01/12/2012";"01/12/2012";"-57,60";"EUR";"PAIEMENT PAR CARTE DE BANQUE";"AVEC LA CARTE 6703 04XX XXXX X004 2 MAKRO ALLEUR      ALLEUR 01-12-2012 DATE VALEUR : 01/12/2012";"BE93 2100 7634 0567 ";
