ANNEE + REFERENCE;DATE DE L'EXECUTION;DATE VALEUR;MONTANT;DEVISE DU COMPTE;CONTREPARTIE DE L'OPERATION;DETAIL;NUMERO DE COMPTE
2016-0530;03/10/2016;03/10/2016;-1.486,47;EUR;;SENORIE SART TILMAN BE80340033953977BIC BBRUBEBB    VIA WEB BANKING COMMUNICATION : FACTURE 2016252- EVELINE SCHOFFENIELS JUILLET 2016 DATE VALEUR : 03/10/2016;BE93210076340567
2016-0529;03/10/2016;30/09/2016;-9,40;EUR;;AVEC LA CARTE 6703 04XX XXXX X112 8 MARCO POLO ANGLEUR30/09/2016 DATE VALEUR : 30/09/2016;BE93210076340567
2016-0528;03/10/2016;03/10/2016;-15,75;EUR;;SC TEST ACHATS/AANKOOP CV NUMERO DE MANDAT :21137172712 REFERENCE : 905927372345 COMMUNICATION : TA/BD 10-2016 1371727-50 DATE VALEUR : 03/10/2016;BE93210076340567
2016-0527;03/10/2016;02/10/2016;-0,90;EUR;;AVEC LA CARTE 6703 04XX XXXX X112 8 PROXY DELHAIZE F LIEGE02/10/2016 EXECUTE LE 02-10 DATE VALEUR : 02/10/2016;BE93210076340567
2016-0526;03/10/2016;01/10/2016;-6,00;EUR;;AVEC LA CARTE 6703 04XX XXXX X112 8 MEDIACITE PARKIN LIEGE01/10/2016 EXECUTE LE 02-10 DATE VALEUR : 01/10/2016;BE93210076340567
2016-0525;30/09/2016;30/09/2016;-59,41;EUR;;PROXIMUS NUMERO DE MANDAT :F000072307 REFERENCE : 662256889816-00000000000025052 COMMUNICATION : 662256889816 DATE VALEUR : 30/09/2016;BE93210076340567
2016-0524;30/09/2016;30/09/2016;-69,24;EUR;;AG INSURANCE NUMERO DE MANDAT :200734101 REFERENCE : 000018880    06992051801 COMMUNICATION : ASS. AUTO 028-2344251-46 30/09 DATE VALEUR : 30/09/2016;BE93210076340567
2016-0523;30/09/2016;30/09/2016;-114,50;EUR;;AVEC LA CARTE 6703 04XX XXXX X112 8 CARREFOUR 0612    BONCELLES30-09-2016 DATE VALEUR : 30/09/2016;BE93210076340567
2016-0522;27/09/2016;24/09/2016;-14,24;EUR;;AVEC LA CARTE 6703 04XX XXXX X112 8 ALIPAY EUR LUXEMBO 24-09-2016EUR     14,24 DATE VALEUR : 24/09/2016;BE93210076340567
2016-0521;27/09/2016;27/09/2016;-36,00;EUR;;VOO NUMERO DE MANDAT :3000000019579 REFERENCE : 0204117893 COMMUNICATION : COMPTE DE CONTRAT 000003365773 DATE VALEUR : 27/09/2016;BE93210076340567
2016-0520;26/09/2016;25/09/2016;-10,00;EUR;;AVEC LA CARTE 6703 04XX XXXX X112 8 WWW.ORANGE.BE     INTERNET25-09-2016 EXECUTE LE 25-09 DATE VALEUR : 25/09/2016;BE93210076340567
2016-0519;26/09/2016;26/09/2016;-11,45;EUR;;AVEC LA CARTE 6703 04XX XXXX X112 8 MISTER MINIT      LIEGE 226-09-2016 DATE VALEUR : 26/09/2016;BE93210076340567
2016-0518;26/09/2016;26/09/2016;-18,60;EUR;;AVEC LA CARTE 6703 04XX XXXX X112 8 LUTECE            LIEGE26-09-2016 DATE VALEUR : 26/09/2016;BE93210076340567
2016-0517;26/09/2016;26/09/2016;-25,48;EUR;;AVEC LA CARTE 6703 04XX XXXX X112 8 BRICO 3612        BONCELLES26-09-2016 DATE VALEUR : 26/09/2016;BE93210076340567
2016-0516;26/09/2016;25/09/2016;10,80;EUR;;SCHOFFENIELS EVELINE DR.D.BOIS D. NEUVILLE 434121     NEUPRE BE16 2400 4805 1174  BIC GEBABEBB COMMUNICATION : COURSES 24/9 DATE VALEUR : 25/09/2016;BE93210076340567
2016-0515;24/09/2016;24/09/2016;-9,08;EUR;;AVEC LA CARTE 6703 04XX XXXX X112 8 CARREFOUR 0609    LIEGE 224-09-2016 DATE VALEUR : 24/09/2016;BE93210076340567
2016-0514;23/09/2016;23/09/2016;-25,10;EUR;;AVEC LA CARTE 6703 04XX XXXX X112 8 BOWLING 633       TILFF23-09-2016 DATE VALEUR : 23/09/2016;BE93210076340567
2016-0513;23/09/2016;23/09/2016;-52,85;EUR;;PROXIMUS NUMERO DE MANDAT :M000387979 REFERENCE : 2000556796 COMMUNICATION : 163001495289 DATE VALEUR : 23/09/2016;BE93210076340567
2016-0512;23/09/2016;23/09/2016;2.022,62;EUR;;S.F.P. BE44 0011 3066 5645  BIC GEBABEBBREFERENCE DONNEUR D'ORDRE : 49011303925 09/2016 070203 COMMUNICATION : /B/ PENS.09/2016  B   49011303925  PR ECOMPTE: 231,40 COTIS.AMI: 84,72 SOLI D: 47,73 PLUS D'INFOS:WWW.MYPENSION.B E;BE93210076340567
2016-0511;22/09/2016;22/09/2016;-33,24;EUR;;AVEC LA CARTE 6703 21XX XXXX X800 7 TOTAL 1170        402022-09-2016 DATE VALEUR : 22/09/2016;BE93210076340567
2016-0510;21/09/2016;21/09/2016;-30,77;EUR;;AVEC LA CARTE 6703 04XX XXXX X112 8 BRICO 3612        BONCELLES21-09-2016 DATE VALEUR : 21/09/2016;BE93210076340567
2016-0509;20/09/2016;20/09/2016;-690,26;EUR;;ETHIAS BE89096363911685BIC GKCCBEBB    VIA PC BANKING COMMUNICATION : 354830849996 DATE VALEUR : 20/09/2016;BE93210076340567
2016-0508;19/09/2016;19/09/2016;-15,70;EUR;;AVEC LA CARTE 6703 04XX XXXX X112 8 LUTECE            LIEGE19-09-2016 DATE VALEUR : 19/09/2016;BE93210076340567
2016-0507;19/09/2016;19/09/2016;-50,00;EUR;;RAPHAEL BAR BE65 3630 0089 8096  BIC BBRUBEBBCOMMUNICATION: PENSION EXTRA LEGALE DATE VALEUR : 19/09/2016;BE93210076340567
2016-0506;19/09/2016;18/09/2016;-50,00;EUR;;BAR STEPHANIE BE97 2400 8066 9749  BIC GEBABEBBCOMMUNICATION: PCLI COMME PROMIS EXECUTE LE 18-09 DATE VALEUR : 18/09/2016;BE93210076340567
2016-0505;19/09/2016;19/09/2016;-54,95;EUR;;AG INSURANCE NUMERO DE MANDAT :200734100 REFERENCE : 000018644    06978788801 COMMUNICATION : ASS. AUTO 028-0422452-11 19/09 DATE VALEUR : 19/09/2016;BE93210076340567
2016-0504;19/09/2016;19/09/2016;-126,00;EUR;;ENECO BELGIE NUMERO DE MANDAT :SEPA13036971 REFERENCE : 971658955836 COMMUNICATION : FAC161301062 DATE VALEUR : 19/09/2016;BE93210076340567
2016-0503;19/09/2016;19/09/2016;-128,25;EUR;;AVEC LA CARTE 6703 04XX XXXX X112 8 CARREFOUR 0609    LIEGE 219-09-2016 DATE VALEUR : 19/09/2016;BE93210076340567
2016-0502;16/09/2016;16/09/2016;-41,56;EUR;;AVEC LA CARTE 6703 04XX XXXX X112 8 BRICO 3612        BONCELLES16-09-2016 DATE VALEUR : 16/09/2016;BE93210076340567
2016-0501;14/09/2016;14/09/2016;-12,88;EUR;;AVEC LA CARTE 6703 04XX XXXX X112 8 BRICO 3612        BONCELLES14-09-2016 DATE VALEUR : 14/09/2016;BE93210076340567
2016-0500;14/09/2016;14/09/2016;-29,52;EUR;;AVEC LA CARTE 6703 04XX XXXX X112 8 DATS 24 BONCELLE  BONCELLES14-09-2016 DATE VALEUR : 14/09/2016;BE93210076340567
2016-0499;14/09/2016;14/09/2016;-51,16;EUR;;AVEC LA CARTE 6703 04XX XXXX X112 8 MERY BOIS  SA     ESNEUX14-09-2016 DATE VALEUR : 14/09/2016;BE93210076340567
2016-0498;13/09/2016;13/09/2016;-60,32;EUR;;AVEC LA CARTE 6703 21XX XXXX X800 7 PHARMACIE LAMBER  ANGLEUR13-09-2016 DATE VALEUR : 13/09/2016;BE93210076340567
2016-0497;13/09/2016;13/09/2016;-72,83;EUR;;ETHIAS BE89096363911685BIC GKCCBEBB    VIA PC BANKING COMMUNICATION : 552743219910 DATE VALEUR : 13/09/2016;BE93210076340567
2016-0496;13/09/2016;13/09/2016;-163,05;EUR;;COMPTE INTERNE MASTERCARD: ETAT DE DEPENSES NUMERO 248DATE VALEUR : 13/09/2016;BE93210076340567
2016-0495;13/09/2016;13/09/2016;29,36;EUR;;SCHOFFENIELS EVELINE DR.D.BOIS D. NEUVILLE 434121     NEUPRE BE16 2400 4805 1174  BIC GEBABEBB COMMUNICATION : DELHAIZE ET BARA LE 12/9 DATE VALEUR : 13/09/2016;BE93210076340567
2016-0494;13/09/2016;13/09/2016;10.253,00;EUR;;M+MME BAR - BORN RUE BELLE JARDINIERE 1864031    LIEGE BE82 6115 9631 7068  BIC DEUTBEBE COMMUNICATION : D1C DATE VALEUR : 13/09/2016;BE93210076340567
2016-0493;12/09/2016;11/09/2016;-19,63;EUR;;AVEC LA CARTE 6703 04XX XXXX X112 8 PROXY DELH.FETIN  LIEGE11-09-2016 EXECUTE LE 11-09 DATE VALEUR : 11/09/2016;BE93210076340567
2016-0492;12/09/2016;12/09/2016;-120,00;EUR;;AVEC LA CARTE 6703 04XX XXXX X112 8 BELLE ILE LGE     LIEGE12-09-2016 DATE VALEUR : 12/09/2016;BE93210076340567
2016-0491;12/09/2016;12/09/2016;136,00;EUR;;M. JEAN-PAUL RAULIN RUE NANIOT, 1224000 LIEGE BE36 0000 8141 0581  BIC BPOTBEB1 COMMUNICATION : THEATRE DATE VALEUR : 12/09/2016;BE93210076340567
2016-0490;10/09/2016;10/09/2016;1,00;EUR;;BORN ALIX R.BEL.JARDINIERE 1864031     LIEGE BE43 2400 8050 9701  BIC GEBABEBB COMMUNICATION : TEST DATE VALEUR : 10/09/2016;BE93210076340567
2016-0489;07/09/2016;01/09/2016;-4,03;EUR;;PREMIUM PACK EXECUTE LE 06-09DATE VALEUR : 01/09/2016;BE93210076340567
2016-0488;07/09/2016;07/09/2016;-32,16;EUR;;OMNIMUT NUMERO DE MANDAT :50601200393368010 REFERENCE : 607002113702 COMMUNICATION : COTISATIONS ASSURANCE COMPLEMENTAIRE 0380019280035 DATE VALEUR : 07/09/2016;BE93210076340567
2016-0487;07/09/2016;07/09/2016;-39,20;EUR;;AVEC LA CARTE 6703 04XX XXXX X112 8 MERY BOIS  SA     ESNEUX07-09-2016 DATE VALEUR : 07/09/2016;BE93210076340567
2016-0486;06/09/2016;06/09/2016;-6,49;EUR;;AVEC LA CARTE 6703 04XX XXXX X112 8 BRICOPLANIT 4203  ROCOURT06-09-2016 DATE VALEUR : 06/09/2016;BE93210076340567
2016-0485;06/09/2016;06/09/2016;-12,38;EUR;;AVEC LA CARTE 6703 04XX XXXX X112 8 ETS CATALDO SA    LIEGE06-09-2016 DATE VALEUR : 06/09/2016;BE93210076340567
2016-0484;06/09/2016;06/09/2016;-13,08;EUR;;AVEC LA CARTE 6703 04XX XXXX X112 8 CARREFOUR 0609    LIEGE 206-09-2016 DATE VALEUR : 06/09/2016;BE93210076340567
2016-0483;06/09/2016;06/09/2016;-14,85;EUR;;AVEC LA CARTE 6703 04XX XXXX X112 8 GREYTRYTAIL       GRIVEGNEE06-09-2016 DATE VALEUR : 06/09/2016;BE93210076340567
2016-0482;06/09/2016;06/09/2016;-29,81;EUR;;ORANGE NUMERO DE MANDAT :4450901 REFERENCE : A65S2AF3 COMMUNICATION : 038754718780 DATE VALEUR : 06/09/2016;BE93210076340567
2016-0481;05/09/2016;05/09/2016;-7,26;EUR;;COMMUNICATION: FRAIS DE DOSSIER ET DE RECHERCHES CONCERNANT DES     TITRES / REF.63556/16 12172/VDHN DATE VALEUR : 05/09/2016;BE93210076340567
2016-0480;05/09/2016;05/09/2016;-8,95;EUR;;VOO NUMERO DE MANDAT :3000000019579 REFERENCE : 0204058289 COMMUNICATION : COMPTE DE CONTRAT 000004684277 DATE VALEUR : 05/09/2016;BE93210076340567
2016-0479;05/09/2016;05/09/2016;-50,00;EUR;;DU COMPTE NO BE30 0355 9631 4211 DE BAR JEANCOMMUNICATION: PRE 5 PLUS INDEX ALIX 45 DATE VALEUR : 05/09/2016;BE93210076340567
2016-0478;05/09/2016;05/09/2016;-120,00;EUR;;AVEC LA CARTE 6703 04XX XXXX X112 8 BELLE ILE LGE     LIEGE05-09-2016 DATE VALEUR : 05/09/2016;BE93210076340567
2016-0477;05/09/2016;05/09/2016;-161,40;EUR;;M MME BAR-BORN BE82611596317068BIC DEUTBEBE    VIA PC BANKING COMMUNICATION : DB1-ETE DATE VALEUR : 05/09/2016;BE93210076340567
2016-0476;05/09/2016;05/09/2016;-1.300,00;EUR;;BORN ALIX BE43 2400 8050 9701  BIC GEBABEBBCOMMUNICATION: ALI DATE VALEUR : 05/09/2016;BE93210076340567
2016-0475;03/09/2016;03/09/2016;-9,25;EUR;;AVEC LA CARTE 6703 04XX XXXX X112 8 EXPRESS LIEGE     LIEGE 203-09-2016 DATE VALEUR : 03/09/2016;BE93210076340567
2016-0474;03/09/2016;02/09/2016;-44,27;EUR;;AVEC LA CARTE 6703 04XX XXXX X112 8 CARREFOUR 0609    LIEGE 202-09-2016 EXECUTE LE 02-09 DATE VALEUR : 02/09/2016;BE93210076340567
2016-0473;03/09/2016;03/09/2016;47,80;EUR;;SCHOFFENIELS EVELINE DR.D.BOIS D. NEUVILLE 434121     NEUPRE BE16 2400 4805 1174  BIC GEBABEBB COMMUNICATION : COURSES DIVERSES 27/8:AMPOULES, SAC A SPI, ETC DATE VALEUR : 03/09/2016;BE93210076340567
2016-0472;02/09/2016;02/09/2016;-92,00;EUR;;LE FORUM BE44088237771445BIC GKCCBEBB    VIA PC BANKING COMMUNICATION : ORD396961 EXECUTE LE 01-09 DATE VALEUR : 02/09/2016;BE93210076340567
