ANNEE + REFERENCE;DATE DE L'EXECUTION;DATE VALEUR;MONTANT;DEVISE DU COMPTE;CONTREPARTIE DE L'OPERATION;DETAIL;NUMERO DE COMPTE;NUMERO DE COMPTE
2017-0070;3/02/2017;3/02/2017;-8,95;EUR;BE93210076340567;VOO NUMERO DE MANDAT :3000000019579 REFERENCE : 0204500736 COMMUNICATION : COMPTE DE CONTRAT 000004684277 DATE VALEUR : 03/02/2017;BE93210076340567;
2017-0069;2/02/2017;2/02/2017;-18,2;EUR;BE93210076340567;SC TEST ACHATS/AANKOOP CV NUMERO DE MANDAT :21137172712 REFERENCE : 920004572319 COMMUNICATION : TA/BD/TCF 02-2017 1371727-50 DATE VALEUR : 02/02/2017;BE93210076340567;
2017-0068;2/02/2017;2/02/2017;21;EUR;BE93210076340567;OMNIMUT MUTUALITE LIBRE DE RUE NATALIS 47 B4020        LIEGE BE67 3400 3084 1287  BIC BBRUBEBB REFERENCE DONNEUR D'ORDRE : 5060201D389 COMMUNICATION : /C/ PAIEM. /0201737068032 02017370680 32 701021703389;BE93210076340567;
2017-0067;2/02/2017;2/02/2017;21;EUR;BE93210076340567;OMNIMUT MUTUALITE LIBRE DE RUE NATALIS 47 B4020        LIEGE BE67 3400 3084 1287  BIC BBRUBEBB REFERENCE DONNEUR D'ORDRE : 5060201D388 COMMUNICATION : /C/ PAIEM. /0201737068031 02017370680 31 701021703388;BE93210076340567;
2017-0066;1/02/2017;1/02/2017;16,12;EUR;BE93210076340567;VOTRE FIDELITE EST RECOMPENSEE VOIR DETAILS EN ANNEXEEXECUTE LE 31-01 DATE VALEUR : 01/02/2017;BE93210076340567;
2017-0065;31/01/2017;31/01/2017;-8,9;EUR;BE93210076340567;AVEC LA CARTE 6703 04XX XXXX X112 8 FISSETTE  SPRL    LIEGE31-01-2017 DATE VALEUR : 31/01/2017;BE93210076340567;
2017-0064;31/01/2017;31/01/2017;-19,95;EUR;BE93210076340567;AVEC LA CARTE 6703 21XX XXXX X800 7 FAMILIA 61 ANGLE  ANGLEUR31-01-2017 DATE VALEUR : 31/01/2017;BE93210076340567;
2017-0063;31/01/2017;31/01/2017;-57,98;EUR;BE93210076340567;PROXIMUS NUMERO DE MANDAT :F000072307 REFERENCE : 672733566186-00000000000021460 COMMUNICATION : 672733566186 DATE VALEUR : 31/01/2017;BE93210076340567;
2017-0062;31/01/2017;30/01/2017;-60;EUR;BE93210076340567;BORN ALIX BE43240080509701BIC GEBABEBB    VIA WEB BANKING PAS DE COMMUNICATION EXECUTE LE 30-01 DATE VALEUR : 30/01/2017;BE93210076340567;
2017-0061;31/01/2017;31/01/2017;-69,24;EUR;BE93210076340567;AG INSURANCE NUMERO DE MANDAT :200734101 REFERENCE : 000020781    07475675901 COMMUNICATION : ASS. AUTO 028-2344251-46 31/01 DATE VALEUR : 31/01/2017;BE93210076340567;
2017-0060;31/01/2017;30/01/2017;-70;EUR;BE93210076340567;"""LES 52"" ASBL BE81001422662624BIC GEBABEBB    VIA WEB BANKING COMMUNICATION : JC BAR - COTISATION 2017 EXECUTE LE 30-01 DATE VALEUR : 30/01/2017";BE93210076340567;
2017-0059;30/01/2017;27/01/2017;-28,5;EUR;BE93210076340567;AVEC LA CARTE 6703 04XX XXXX X112 8 MARCO POLO ANGLEUR27-01-2017 DATE VALEUR : 27/01/2017;BE93210076340567;
2017-0058;30/01/2017;30/01/2017;-128,01;EUR;BE93210076340567;CILE COMPAGNIE INTERCOMMUNALE LIEGEOI SE DES EAUXNUMERO DE MANDAT : 001012846112 REFERENCE : 866838252 COMMUNICATION : REF. : 2026233808-FACT. NO 7700086228 DATE VALEUR : 30/01/2017;BE93210076340567;
2017-0057;30/01/2017;30/01/2017;40;EUR;BE93210076340567;BORN ALIX R.BEL.JARDINIERE 1864031     LIEGE BE43 2400 8050 9701  BIC GEBABEBB PAS DE COMMUNICATION DATE VALEUR : 30/01/2017;BE93210076340567;
2017-0056;28/01/2017;28/01/2017;-7,15;EUR;BE93210076340567;AVEC LA CARTE 6703 04XX XXXX X112 8 CLUB 122 LIEGE    LIEGE28-01-2017 DATE VALEUR : 28/01/2017;BE93210076340567;
2017-0055;28/01/2017;28/01/2017;-33,08;EUR;BE93210076340567;AVEC LA CARTE 6703 04XX XXXX X112 8 FACQ GRIVEGNEE    GRIVEGNEE28-01-2017 DATE VALEUR : 28/01/2017;BE93210076340567
2017-0054;28/01/2017;28/01/2017;-73,31;EUR;BE93210076340567;AVEC LA CARTE 6703 21XX XXXX X800 7 CARREFOUR 0609    LIEGE 228-01-2017 DATE VALEUR : 28/01/2017;BE93210076340567
2017-0053;28/01/2017;28/01/2017;7,15;EUR;BE93210076340567;SCHOFFENIELS EVELINE DR.D.BOIS D. NEUVILLE 434121     NEUPRE BE16 2400 4805 1174  BIC GEBABEBB COMMUNICATION : THEREBENTINE DATE VALEUR : 28/01/2017;BE93210076340567
2017-0052;28/01/2017;28/01/2017;40,31;EUR;BE93210076340567;SCHOFFENIELS EVELINE DR.D.BOIS D. NEUVILLE 434121     NEUPRE BE16 2400 4805 1174  BIC GEBABEBB COMMUNICATION : PROXY DATE VALEUR : 28/01/2017;BE93210076340567
2017-0051;26/01/2017;26/01/2017;-36;EUR;BE93210076340567;VOO NUMERO DE MANDAT :3000000019579 REFERENCE : 0204472123 COMMUNICATION : COMPTE DE CONTRAT 000003365773 DATE VALEUR : 26/01/2017;BE93210076340567
2017-0050;25/01/2017;25/01/2017;-37,19;EUR;BE93210076340567;AVEC LA CARTE 6703 04XX XXXX X112 8 TOTAL 1170        402025-01-2017 DATE VALEUR : 25/01/2017;BE93210076340567
2017-0049;25/01/2017;25/01/2017;-38,3;EUR;BE93210076340567;PROXIMUS NUMERO DE MANDAT :M000387979 REFERENCE : 5000667410 COMMUNICATION : 163002307484 DATE VALEUR : 25/01/2017;BE93210076340567
2017-0048;24/01/2017;24/01/2017;-39,18;EUR;BE93210076340567;AVEC LA CARTE 6703 04XX XXXX X112 8 CARREFOUR 0609    LIEGE 224-01-2017 DATE VALEUR : 24/01/2017;BE93210076340567
2017-0047;24/01/2017;24/01/2017;-484,01;EUR;BE93210076340567;AVEC LA CARTE 6703 04XX XXXX X112 8 VAL BENOIT MOTOR  LIEGE24-01-2017 DATE VALEUR : 24/01/2017;BE93210076340567
2017-0046;24/01/2017;24/01/2017;2.033,10;EUR;BE93210076340567;S.F.P. BE44 0011 3066 5645  BIC GEBABEBBREFERENCE DONNEUR D'ORDRE : 49011303925 01/2017 073897 COMMUNICATION : /B/ PENS.01/2017  B   49011303925  PR ECOMPTE: 220,92 COTIS.AMI: 84,72 SOLI D: 47,73 PLUS D'INFOS:WWW.MYPENSION.B E;BE93210076340567
2017-0045;21/01/2017;21/01/2017;-19,72;EUR;BE93210076340567;AVEC LA CARTE 6703 21XX XXXX X800 7 FAMILIA 61 ANGLE  ANGLEUR21-01-2017 DATE VALEUR : 21/01/2017;BE93210076340567
2017-0044;21/01/2017;21/01/2017;-120;EUR;BE93210076340567;AVEC LA CARTE 6703 21XX XXXX X800 7 TILFF             TILFF21-01-2017 DATE VALEUR : 21/01/2017;BE93210076340567
2017-0043;20/01/2017;20/01/2017;-22;EUR;BE93210076340567;AVEC LA CARTE 6703 21XX XXXX X800 7 FAMILIA 61 ANGLE  ANGLEUR20-01-2017 DATE VALEUR : 20/01/2017;BE93210076340567
2017-0042;20/01/2017;20/01/2017;9;EUR;BE93210076340567;AG INSURANCE SA BD EMILE JACQMAIN 531000     BRUXELLES BE13 2100 0007 6339  BIC GEBABEBB REFERENCE DONNEUR D'ORDRE : 15631960 COMMUNICATION : FRAIS SOINS DE SANTE H898/1921/894870 50;BE93210076340567
2017-0041;20/01/2017;20/01/2017;12,9;EUR;BE93210076340567;AG INSURANCE SA BD EMILE JACQMAIN 531000     BRUXELLES BE13 2100 0007 6339  BIC GEBABEBB REFERENCE DONNEUR D'ORDRE : 15631959 COMMUNICATION : FRAIS SOINS DE SANTE H898/1921/894870 50;BE93210076340567
2017-0040;19/01/2017;19/01/2017;-50;EUR;BE93210076340567;RAPHAEL BAR BE65 3630 0089 8096  BIC BBRUBEBBCOMMUNICATION: PENSION EXTRA LEGALE DATE VALEUR : 19/01/2017;BE93210076340567
2017-0039;19/01/2017;19/01/2017;-54,95;EUR;BE93210076340567;AG INSURANCE NUMERO DE MANDAT :200734100 REFERENCE : 000020675    07459553601 COMMUNICATION : ASS. AUTO 028-0422452-11 19/01 DATE VALEUR : 19/01/2017;BE93210076340567
2017-0038;19/01/2017;19/01/2017;10;EUR;BE93210076340567;OMNIMUT MUTUALITE LIBRE DE RUE NATALIS 47 B4020        LIEGE BE11 3400 3075 0048  BIC BBRUBEBB REFERENCE DONNEUR D'ORDRE : 5060118D662 COMMUNICATION : PAIEM. DEPISTAGES /4201737010385 4201 737010385 718011703659;BE93210076340567
2017-0037;19/01/2017;19/01/2017;36,23;EUR;BE93210076340567;OMNIMUT MUTUALITE LIBRE DE RUE NATALIS 47 B4020        LIEGE BE67 3400 3084 1287  BIC BBRUBEBB REFERENCE DONNEUR D'ORDRE : 5060118B078 COMMUNICATION : /C/ PAIEM. /0201737033829 02017370338 29 718011701077;BE93210076340567
2017-0036;18/01/2017;18/01/2017;-50;EUR;BE93210076340567;BAR STEPHANIE BE97 2400 8066 9749  BIC GEBABEBBCOMMUNICATION: PCLI COMME PROMIS DATE VALEUR : 18/01/2017;BE93210076340567
2017-0035;18/01/2017;18/01/2017;25,48;EUR;BE93210076340567;OMNIMUT MUTUALITE LIBRE DE RUE NATALIS 47 B4020        LIEGE BE67 3400 3084 1287  BIC BBRUBEBB REFERENCE DONNEUR D'ORDRE : 5060117C368 COMMUNICATION : /C/ PAIEM. /0201737031151 02017370311 51 717011702366;BE93210076340567
2017-0034;18/01/2017;18/01/2017;123,64;EUR;BE93210076340567;OMNIMUT MUTUALITE LIBRE DE RUE NATALIS 47 B4020        LIEGE BE67 3400 3084 1287  BIC BBRUBEBB REFERENCE DONNEUR D'ORDRE : 5060117C369 COMMUNICATION : /C/ PAIEM. /0201737031152 02017370311 52 717011702367;BE93210076340567
2017-0033;17/01/2017;17/01/2017;-104,81;EUR;BE93210076340567;AVEC LA CARTE 6703 21XX XXXX X800 7 FAMILIA 61 ANGLE  ANGLEUR17-01-2017 DATE VALEUR : 17/01/2017;BE93210076340567
2017-0032;16/01/2017;16/01/2017;-29,5;EUR;BE93210076340567;A.R.E.A. NUMERO DE MANDAT :030809721 REFERENCE : 1612015124 COMMUNICATION : AREA/CONTRAT 030809721/1612015124/030 809721 DATE VALEUR : 16/01/2017;BE93210076340567
2017-0031;16/01/2017;16/01/2017;-126;EUR;BE93210076340567;ENECO BELGIE NUMERO DE MANDAT :SEPA13036971 REFERENCE : 971690199940 COMMUNICATION : FAC161980935 DATE VALEUR : 16/01/2017;BE93210076340567
2017-0030;14/01/2017;20/01/2017;-9,32;EUR;BE93210076340567;DATE VALEUR : 20/01/2017 ;BE93210076340567
2017-0029;13/01/2017;13/01/2017;-13;EUR;BE93210076340567;C.Q.S.T. ASBL BE94240077077214BIC GEBABEBB    VIA WEB BANKING COMMUNICATION : JC BAR  - COTISATION 2017 DATE VALEUR : 13/01/2017;BE93210076340567
2017-0028;13/01/2017;13/01/2017;-112,39;EUR;BE93210076340567;COMPTE INTERNE MASTERCARD: ETAT DE DEPENSES NUMERO 004DATE VALEUR : 13/01/2017;BE93210076340567
2017-0027;13/01/2017;13/01/2017;-779,42;EUR;BE93210076340567;SA AG INSURANCE/V.C.S. BE24210000076238BIC GEBABEBB    VIA WEB BANKING COMMUNICATION : 420329524767 DATE VALEUR : 13/01/2017;BE93210076340567
2017-0026;13/01/2017;13/01/2017;175,47;EUR;BE93210076340567;BAR JEAN R.BEL.JARDINIERE 1864031     LIEGE BE50 0357 3625 6818  BIC GEBABEBB COMMUNICATION : REMBOURSEMENT SERRURES ET COURSES DIV ERSES DATE VALEUR : 13/01/2017;BE93210076340567
2017-0025;10/01/2017;10/01/2017;-23,63;EUR;BE93210076340567;ORANGE NUMERO DE MANDAT :4450901 REFERENCE : A65VJSFO COMMUNICATION : 039382032635 DATE VALEUR : 10/01/2017;BE93210076340567
2017-0024;10/01/2017;10/01/2017;-74,96;EUR;BE93210076340567;AVEC LA CARTE 6703 04XX XXXX X112 8 CHR CHATEAU ROUG  HERSTAL10-01-2017 DATE VALEUR : 10/01/2017;BE93210076340567
2017-0023;9/01/2017;9/01/2017;-16;EUR;BE93210076340567;AVEC LA CARTE 6703 04XX XXXX X112 8 LUTECE            LIEGE09-01-2017 DATE VALEUR : 09/01/2017;BE93210076340567
2017-0022;9/01/2017;9/01/2017;-19,79;EUR;BE93210076340567;AVEC LA CARTE 6703 21XX XXXX X800 7 FAMILIA 61 ANGLE  ANGLEUR09-01-2017 DATE VALEUR : 09/01/2017;BE93210076340567
2017-0021;9/01/2017;9/01/2017;-44,73;EUR;BE93210076340567;CHU LIEGE BE56096009755288BIC GKCCBEBB    VIA WEB BANKING COMMUNICATION : 161002643565 EXECUTE LE 08-01 DATE VALEUR : 09/01/2017;BE93210076340567
2017-0020;9/01/2017;9/01/2017;-130;EUR;BE93210076340567;AVEC LA CARTE 6703 21XX XXXX X800 7 CENTRE DE SENOLO  LIEGE09-01-2017 DATE VALEUR : 09/01/2017;BE93210076340567
2017-0019;9/01/2017;9/01/2017;-142,88;EUR;BE93210076340567;AVEC LA CARTE 6703 04XX XXXX X112 8 CARREFOUR 0609    LIEGE 209-01-2017 DATE VALEUR : 09/01/2017;BE93210076340567
2017-0018;9/01/2017;9/01/2017;-300;EUR;BE93210076340567;MME GREGOIRE FR7618106008109448007905049BIC AGRIFRPP881 VIA WEB BANKING COMMUNICATION : CARQUEIRANNE 2017 EXECUTE LE 08-01 DATE VALEUR : 09/01/2017;BE93210076340567
2017-0017;6/01/2017;1/01/2017;-4,03;EUR;BE93210076340567;PREMIUM PACK EXECUTE LE 05-01DATE VALEUR : 01/01/2017;BE93210076340567
2017-0016;6/01/2017;6/01/2017;-36,5;EUR;BE93210076340567;AVEC LA CARTE 6703 04XX XXXX X112 8 MAISON BUTERA SP  SERAING06-01-2017 DATE VALEUR : 06/01/2017;BE93210076340567
2017-0015;6/01/2017;6/01/2017;-221,91;EUR;BE93210076340567;AG INSURANCE NUMERO DE MANDAT :100103713 REFERENCE : 000020559    07459045201 COMMUNICATION : 03/000089486611/01-01-2017 DATE VALEUR : 06/01/2017;BE93210076340567
2017-0014;5/01/2017;5/01/2017;-8,95;EUR;BE93210076340567;VOO NUMERO DE MANDAT :3000000019579 REFERENCE : 0204416660 COMMUNICATION : COMPTE DE CONTRAT 000004684277 DATE VALEUR : 05/01/2017;BE93210076340567
2017-0013;5/01/2017;5/01/2017;-14,7;EUR;BE93210076340567;AVEC LA CARTE 6703 21XX XXXX X800 7 QUICK 441 HOGNOU  HOGNOUL05-01-2017 DATE VALEUR : 05/01/2017;BE93210076340567
2017-0012;5/01/2017;5/01/2017;-50;EUR;BE93210076340567;DU COMPTE NO BE30 0355 9631 4211 DE BAR JEANCOMMUNICATION: PRE 5 PLUS INDEX ALIX 45 DATE VALEUR : 05/01/2017;BE93210076340567
2017-0011;5/01/2017;5/01/2017;-1.300,00;EUR;BE93210076340567;BORN ALIX BE43 2400 8050 9701  BIC GEBABEBBCOMMUNICATION: ALI DATE VALEUR : 05/01/2017;BE93210076340567
2017-0010;4/01/2017;4/01/2017;-11,7;EUR;BE93210076340567;AVEC LA CARTE 6703 04XX XXXX X112 8 LUTECE            LIEGE04-01-2017 DATE VALEUR : 04/01/2017;BE93210076340567
2017-0009;3/01/2017;3/01/2017;-18,2;EUR;BE93210076340567;SC TEST ACHATS/AANKOOP CV NUMERO DE MANDAT :21137172712 REFERENCE : 916610272335 COMMUNICATION : TA/BD/TCF 01-2017 1371727-50 DATE VALEUR : 03/01/2017;BE93210076340567
2017-0008;3/01/2017;3/01/2017;48,71;EUR;BE93210076340567;OMNIMUT MUTUALITE LIBRE DE RUE NATALIS 47 B4020        LIEGE BE67 3400 3084 1287  BIC BBRUBEBB REFERENCE DONNEUR D'ORDRE : 5061229A898 COMMUNICATION : /C/ PAIEM. /0201637776491 02016377764 91 729121600898;BE93210076340567
2017-0007;3/01/2017;2/01/2017;70;EUR;BE93210076340567;BORN ALIX R.BEL.JARDINIERE 1864031     LIEGE BE43 2400 8050 9701  BIC GEBABEBB PAS DE COMMUNICATION DATE VALEUR : 02/01/2017;BE93210076340567
2017-0006;3/01/2017;3/01/2017;76,99;EUR;BE93210076340567;OMNIMUT MUTUALITE LIBRE DE RUE NATALIS 47 B4020        LIEGE BE67 3400 3084 1287  BIC BBRUBEBB REFERENCE DONNEUR D'ORDRE : 5061229A897 COMMUNICATION : /C/ PAIEM. /0201637776490 02016377764 90 729121600897;BE93210076340567
2017-0005;2/01/2017;2/01/2017;-5;EUR;BE93210076340567;ADMCOM DE LIEGE BE58091011819679BIC GKCCBEBB    VIA WEB BANKING COMMUNICATION : CU2-27631 D - COPIE DE DOCUMENTS ADMI NISTRATIFS EXECUTE LE 31-12 DATE VALEUR : 02/01/2017;BE93210076340567
2017-0004;2/01/2017;2/01/2017;-24,36;EUR;BE93210076340567;LABO DR J.COLLARD BE08340130103613BIC BBRUBEBB    VIA WEB BANKING COMMUNICATION : 916027578379 EXECUTE LE 31-12 DATE VALEUR : 02/01/2017;BE93210076340567
2017-0003;2/01/2017;2/01/2017;-69,03;EUR;BE93210076340567;AVEC LA CARTE 6703 04XX XXXX X112 8 CARREFOUR 0612    BONCELLES02-01-2017 DATE VALEUR : 02/01/2017;BE93210076340567
2017-0002;2/01/2017;2/01/2017;-69,24;EUR;BE93210076340567;AG INSURANCE NUMERO DE MANDAT :200734101 REFERENCE : 000020447    07363968801 COMMUNICATION : ASS. AUTO 028-2344251-46 31/12 DATE VALEUR : 02/01/2017;BE93210076340567
2017-0001;2/01/2017;2/01/2017;-672,9;EUR;BE93210076340567;M MME BAR-BORN BE82611596317068BIC DEUTBEBE    VIA WEB BANKING COMMUNICATION : MNT-VD4 EXECUTE LE 31-12 DATE VALEUR : 02/01/2017;BE93210076340567
2016-0682;30/12/2016;30/12/2016;-32,99;EUR;BE93210076340567;AVEC LA CARTE 6703 04XX XXXX X112 8 CARREFOUR 0612    BONCELLES30-12-2016 DATE VALEUR : 30/12/2016;BE93210076340567
2016-0681;30/12/2016;30/12/2016;-51,42;EUR;BE93210076340567;PROXIMUS NUMERO DE MANDAT :F000072307 REFERENCE : 665628721364-00000000000037711 COMMUNICATION : 665628721364 DATE VALEUR : 30/12/2016;BE93210076340567
2016-0680;27/12/2016;26/12/2016;-16;EUR;BE93210076340567;AVEC LA CARTE 6703 04XX XXXX X112 8 BHV RIVOLI PARIS 426-12-2016 DATE VALEUR : 26/12/2016;BE93210076340567
2016-0679;24/12/2016;24/12/2016;-20,67;EUR;BE93210076340567;AVEC LA CARTE 6703 04XX XXXX X112 8 CARREFOUR 0612    BONCELLES24-12-2016 DATE VALEUR : 24/12/2016;BE93210076340567
2016-0678;23/12/2016;23/12/2016;-30,21;EUR;BE93210076340567;PROXIMUS NUMERO DE MANDAT :M000387979 REFERENCE : 1000681015 COMMUNICATION : 16300212181800207232 DATE VALEUR : 23/12/2016;BE93210076340567
2016-0677;23/12/2016;23/12/2016;-36,7;EUR;BE93210076340567;AVEC LA CARTE 6703 04XX XXXX X112 8 LE MENDY'S        LIEGE23-12-2016 DATE VALEUR : 23/12/2016;BE93210076340567
2016-0676;22/12/2016;22/12/2016;2.022,62;EUR;BE93210076340567;S.F.P. BE44 0011 3066 5645  BIC GEBABEBBREFERENCE DONNEUR D'ORDRE : 49011303925 12/2016 049431 COMMUNICATION : /B/ PENS.12/2016  B   49011303925  PR ECOMPTE: 231,40 COTIS.AMI: 84,72 SOLI D: 47,73 PLUS D'INFOS:WWW.MYPENSION.B E;BE93210076340567
2016-0675;21/12/2016;21/12/2016;-200;EUR;BE93210076340567;AVEC LA CARTE 6703 04XX XXXX X112 8 BELFIUS35049602   LIEGE TER21-12-2016 DATE VALEUR : 21/12/2016;BE93210076340567
2016-0674;20/12/2016;20/12/2016;-7,58;EUR;BE93210076340567;AVEC LA CARTE 6703 04XX XXXX X112 8 DELHAIZE SART TI  BONCELLES20-12-2016 DATE VALEUR : 20/12/2016;BE93210076340567
2016-0673;20/12/2016;20/12/2016;-17,2;EUR;BE93210076340567;AVEC LA CARTE 6703 04XX XXXX X112 8 QUICK 401 BONCEL  BONCELLES20-12-2016 DATE VALEUR : 20/12/2016;BE93210076340567
2016-0672;20/12/2016;20/12/2016;-150;EUR;BE93210076340567;BORN ALIX BE43240080509701BIC GEBABEBB    VIA WEB BANKING COMMUNICATION : JOYEUX NOEL DATE VALEUR : 20/12/2016;BE93210076340567
2016-0671;20/12/2016;20/12/2016;-362;EUR;BE93210076340567;IMMO WOESTYN KOKSIJDE BE26738009555229BIC KREDBEBB    VIA WEB BANKING COMMUNICATION : 170018700003 DATE VALEUR : 20/12/2016;BE93210076340567
2016-0670;19/12/2016;19/12/2016;-11,7;EUR;BE93210076340567;AVEC LA CARTE 6703 04XX XXXX X112 8 LUTECE            LIEGE19-12-2016 DATE VALEUR : 19/12/2016;BE93210076340567
2016-0669;19/12/2016;19/12/2016;-50;EUR;BE93210076340567;RAPHAEL BAR BE65 3630 0089 8096  BIC BBRUBEBBCOMMUNICATION: PENSION EXTRA LEGALE DATE VALEUR : 19/12/2016;BE93210076340567
2016-0668;19/12/2016;18/12/2016;-50;EUR;BE93210076340567;BAR STEPHANIE BE97 2400 8066 9749  BIC GEBABEBBCOMMUNICATION: PCLI COMME PROMIS EXECUTE LE 18-12 DATE VALEUR : 18/12/2016;BE93210076340567
2016-0667;19/12/2016;19/12/2016;-54,95;EUR;BE93210076340567;AG INSURANCE NUMERO DE MANDAT :200734100 REFERENCE : 000020300    07339625901 COMMUNICATION : ASS. AUTO 028-0422452-11 19/12 DATE VALEUR : 19/12/2016;BE93210076340567
2016-0666;16/12/2016;16/12/2016;-186,91;EUR;BE93210076340567;DGO FISCALITE BE58091215034679BIC GKCCBEBB    VIA WEB BANKING COMMUNICATION : 920164578768 DATE VALEUR : 16/12/2016;BE93210076340567
2016-0665;15/12/2016;15/12/2016;-9,99;EUR;BE93210076340567;AVEC LA CARTE 6703 04XX XXXX X112 8 BRICO 3612 BONCE  BONCELLES15-12-2016 DATE VALEUR : 15/12/2016;BE93210076340567
2016-0664;15/12/2016;15/12/2016;-126;EUR;BE93210076340567;ENECO BELGIE NUMERO DE MANDAT :SEPA13036971 REFERENCE : 971682261502 COMMUNICATION : FAC161809430 DATE VALEUR : 15/12/2016;BE93210076340567
2016-0663;14/12/2016;14/12/2016;-12,16;EUR;BE93210076340567;AVEC LA CARTE 6703 04XX XXXX X112 8 ETS CATALDO SA    LIEGE14-12-2016 DATE VALEUR : 14/12/2016;BE93210076340567
2016-0662;14/12/2016;14/12/2016;-33,37;EUR;BE93210076340567;AVEC LA CARTE 6703 21XX XXXX X800 7 FAMILIA 61 ANGLE  ANGLEUR14-12-2016 DATE VALEUR : 14/12/2016;BE93210076340567
2016-0661;13/12/2016;13/12/2016;-17,99;EUR;BE93210076340567;AVEC LA CARTE 6703 04XX XXXX X112 8 BRICO 3612 BONCE  BONCELLES13-12-2016 DATE VALEUR : 13/12/2016;BE93210076340567
2016-0660;13/12/2016;13/12/2016;-76,24;EUR;BE93210076340567;COMPTE INTERNE MASTERCARD: ETAT DE DEPENSES NUMERO 339DATE VALEUR : 13/12/2016;BE93210076340567
2016-0659;13/12/2016;13/12/2016;-120,95;EUR;BE93210076340567;AVEC LA CARTE 6703 04XX XXXX X112 8 BRICO 3612 BONCE  BONCELLES13-12-2016 DATE VALEUR : 13/12/2016;BE93210076340567
2016-0658;12/12/2016;11/12/2016;-100;EUR;BE93210076340567;AVEC LA CARTE 6703 04XX XXXX X112 8 TILFF             TILFF11-12-2016 EXECUTE LE 11-12 DATE VALEUR : 11/12/2016;BE93210076340567
2016-0657;12/12/2016;12/12/2016;-148,4;EUR;BE93210076340567;CILE COMPAGNIE INTERCOMMUNALE LIEGEOI SE DES EAUXNUMERO DE MANDAT : 001012846112 REFERENCE : 800090331 COMMUNICATION : REF. : 2026233808-FACT. NO 7900024308 DATE VALEUR : 12/12/2016;BE93210076340567
2016-0656;10/12/2016;10/12/2016;-35,13;EUR;BE93210076340567;AVEC LA CARTE 6703 04XX XXXX X112 8 CARREFOUR 0612    BONCELLES10-12-2016 DATE VALEUR : 10/12/2016;BE93210076340567
2016-0655;10/12/2016;10/12/2016;-35,21;EUR;BE93210076340567;AVEC LA CARTE 6703 04XX XXXX X112 8 SHELL 728         BONCELLES10-12-2016 DATE VALEUR : 10/12/2016;BE93210076340567
2016-0654;10/12/2016;10/12/2016;-39,5;EUR;BE93210076340567;AVEC LA CARTE 6703 04XX XXXX X112 8 SPRL THE TASTE F  LIEGE10-12-2016 DATE VALEUR : 10/12/2016;BE93210076340567
2016-0653;10/12/2016;12/12/2016;-63,71;EUR;BE93210076340567;CHU LIEGE BE56096009755288BIC GKCCBEBB    VIA WEB BANKING COMMUNICATION : 160902723663 EXECUTE LE 09-12 DATE VALEUR : 12/12/2016;BE93210076340567
2016-0652;10/12/2016;12/12/2016;-98,49;EUR;BE93210076340567;CHU LIEGE BE56096009755288BIC GKCCBEBB    VIA WEB BANKING COMMUNICATION : 160902817229 EXECUTE LE 09-12 DATE VALEUR : 12/12/2016;BE93210076340567
2016-0651;10/12/2016;9/12/2016;-800;EUR;BE93210076340567;AG INSURANCE/ASSURANCES VI BE95001507851458BIC GEBABEBB    VIA WEB BANKING COMMUNICATION : 006569931551 EXECUTE LE 09-12 DATE VALEUR : 09/12/2016;BE93210076340567
2016-0650;9/12/2016;9/12/2016;-32,85;EUR;BE93210076340567;OMNIMUT NUMERO DE MANDAT :50601200393368010 REFERENCE : 609602119602 COMMUNICATION : VOS COTISATIONS D'ASSURANCE COMPLEMEN TAIRE 0380019280035 DATE VALEUR : 09/12/2016;BE93210076340567
2016-0649;8/12/2016;8/12/2016;-8,95;EUR;BE93210076340567;VOO NUMERO DE MANDAT :3000000019579 REFERENCE : 0204331526 COMMUNICATION : COMPTE DE CONTRAT 000004684277 DATE VALEUR : 08/12/2016;BE93210076340567
2016-0648;7/12/2016;1/12/2016;-4,03;EUR;BE93210076340567;PREMIUM PACK EXECUTE LE 06-12DATE VALEUR : 01/12/2016;BE93210076340567
2016-0647;7/12/2016;7/12/2016;-12,5;EUR;BE93210076340567;AVEC LA CARTE 6703 04XX XXXX X112 8 BRICO 3612 BONCE  BONCELLES07-12-2016 DATE VALEUR : 07/12/2016;BE93210076340567
2016-0646;7/12/2016;7/12/2016;-249,9;EUR;BE93210076340567;M MME BAR-BORN BE82611596317068BIC DEUTBEBE    VIA WEB BANKING COMMUNICATION : MNT PARIS DATE VALEUR : 07/12/2016;BE93210076340567
2016-0645;6/12/2016;6/12/2016;-10;EUR;BE93210076340567;AVEC LA CARTE 6703 04XX XXXX X112 8 UNION DES CENTRE  LIEGE06-12-2016 DATE VALEUR : 06/12/2016;BE93210076340567
2016-0644;5/12/2016;5/12/2016;-15,7;EUR;BE93210076340567;AVEC LA CARTE 6703 04XX XXXX X112 8 LUTECE            LIEGE05-12-2016 DATE VALEUR : 05/12/2016;BE93210076340567
2016-0643;5/12/2016;5/12/2016;-20,69;EUR;BE93210076340567;ORANGE NUMERO DE MANDAT :4450901 REFERENCE : A65ULYSL COMMUNICATION : 039224202622 DATE VALEUR : 05/12/2016;BE93210076340567
2016-0642;5/12/2016;5/12/2016;-50;EUR;BE93210076340567;DU COMPTE NO BE30 0355 9631 4211 DE BAR JEANCOMMUNICATION: PRE 5 PLUS INDEX ALIX 45 DATE VALEUR : 05/12/2016;BE93210076340567
2016-0641;5/12/2016;5/12/2016;-219;EUR;BE93210076340567;AVEC LA CARTE 6703 04XX XXXX X112 8 VANDEN BORRE 008  BONCELLES05-12-2016 DATE VALEUR : 05/12/2016;BE93210076340567
2016-0640;5/12/2016;5/12/2016;-1.300,00;EUR;BE93210076340567;BORN ALIX BE43 2400 8050 9701  BIC GEBABEBBCOMMUNICATION: ALI DATE VALEUR : 05/12/2016;BE93210076340567
2016-0639;3/12/2016;3/12/2016;-24,09;EUR;BE93210076340567;AVEC LA CARTE 6703 04XX XXXX X112 8 PHARMACIE MARC S  NEUVILLE-03-12-2016 DATE VALEUR : 03/12/2016;BE93210076340567
2016-0638;3/12/2016;3/12/2016;-24,98;EUR;BE93210076340567;AVEC LA CARTE 6703 04XX XXXX X112 8 KREFEL 059 POINC  LIEGE03-12-2016 DATE VALEUR : 03/12/2016;BE93210076340567
2016-0637;2/12/2016;2/12/2016;-13,92;EUR;BE93210076340567;AVEC LA CARTE 6703 04XX XXXX X112 8 CARREFOUR 0609    LIEGE 202-12-2016 DATE VALEUR : 02/12/2016;BE93210076340567
2016-0636;2/12/2016;2/12/2016;-32,42;EUR;BE93210076340567;AVEC LA CARTE 6703 04XX XXXX X112 8 UNION DES CENTRE  LIEGE02-12-2016 DATE VALEUR : 02/12/2016;BE93210076340567
2016-0635;2/12/2016;2/12/2016;-254;EUR;BE93210076340567;COMBUSTIBLES PIRON SA BE27240024480073BIC GEBABEBB    VIA WEB BANKING COMMUNICATION : LIVRAISON DU 30/11/20166 DATE VALEUR : 02/12/2016;BE93210076340567
2016-0634;2/12/2016;2/12/2016;-547,24;EUR;BE93210076340567;SC PETROLWORKS BE90240054565332BIC GEBABEBB    VIA WEB BANKING COMMUNICATION : 039090000088 DATE VALEUR : 02/12/2016;BE93210076340567
2016-0633;2/12/2016;2/12/2016;18,48;EUR;BE93210076340567;OMNIMUT MUTUALITE LIBRE DE RUE NATALIS 47 B4020        LIEGE BE67 3400 3084 1287  BIC BBRUBEBB REFERENCE DONNEUR D'ORDRE : 5061201B629 COMMUNICATION : /C/ PAIEM. /0201637707884 02016377078 84 701121601630;BE93210076340567
2016-0632;2/12/2016;2/12/2016;52,9;EUR;BE93210076340567;SCHOFFENIELS EVELINE DR.D.BOIS D. NEUVILLE 434121     NEUPRE BE16 2400 4805 1174  BIC GEBABEBB COMMUNICATION : PROTECTIONS NOCTURNES DATE VALEUR : 02/12/2016;BE93210076340567
2016-0631;1/12/2016;1/12/2016;-17,95;EUR;BE93210076340567;SC TEST ACHATS/AANKOOP CV NUMERO DE MANDAT :21137172712 REFERENCE : 913069942386 COMMUNICATION : TA/BD/TCF 12-2016 1371727-50 DATE VALEUR : 01/12/2016;BE93210076340567
2016-0630;1/12/2016;1/12/2016;15;EUR;BE93210076340567;SERVICES 2 ACTIONS SPRL RUE DE LA BRASSERIE 505310        SAINT-GERMAIN BE80 3631 0817 8177  BIC BBRUBEBB REFERENCE DONNEUR D'ORDRE : ENDTOENDID ID COUPON 663578 COMMUNICATION : (ID COUPON 663578)-SIEMENS AIDE CULIN AIRE VANDEN BORRE;BE93210076340567
2016-0629;30/11/2016;29/11/2016;-20,98;EUR;BE93210076340567;AVEC LA CARTE 6703 04XX XXXX X112 8 IKEA HOGNO HOGNOUL29-11-2016 DATE VALEUR : 29/11/2016;BE93210076340567
2016-0628;30/11/2016;30/11/2016;-52,9;EUR;BE93210076340567;PROXIMUS NUMERO DE MANDAT :F000072307 REFERENCE : 665432596963-00000000000026471 COMMUNICATION : 665432596963 DATE VALEUR : 30/11/2016;BE93210076340567
2016-0627;30/11/2016;30/11/2016;-69,24;EUR;BE93210076340567;AG INSURANCE NUMERO DE MANDAT :200734101 REFERENCE : 000019999    07232511001 COMMUNICATION : ASS. AUTO 028-2344251-46 30/11 DATE VALEUR : 30/11/2016;BE93210076340567
2016-0626;30/11/2016;30/11/2016;-120;EUR;BE93210076340567;AVEC LA CARTE 6703 04XX XXXX X112 8 ANGL.SART TILMAN  ANGLEUR30-11-2016 DATE VALEUR : 30/11/2016;BE93210076340567
2016-0625;28/11/2016;28/11/2016;-15,7;EUR;BE93210076340567;AVEC LA CARTE 6703 04XX XXXX X112 8 LUTECE            LIEGE28-11-2016 DATE VALEUR : 28/11/2016;BE93210076340567
2016-0624;28/11/2016;28/11/2016;-19,95;EUR;BE93210076340567;AVEC LA CARTE 6703 21XX XXXX X800 7 FAMILIA 61 ANGLE  ANGLEUR28-11-2016 DATE VALEUR : 28/11/2016;BE93210076340567
2016-0623;28/11/2016;28/11/2016;738,15;EUR;BE93210076340567;S.P.F. FINANCES KONING ALBERT II LAAN,33-B22/7881030 BRUSSEL BE30 6792 0020 9111  BIC PCHQBEBB REFERENCE DONNEUR D'ORDRE : 87764 COMMUNICATION : ART. DE ROLE : 761358351 SERVICE: 09. 09/01;BE93210076340567
2016-0622;28/11/2016;27/11/2016;1.486,47;EUR;BE93210076340567;BAR JEAN R.BEL.JARDINIERE 1864031     LIEGE BE50 0357 3625 6818  BIC GEBABEBB COMMUNICATION : REMBOURSEMENT SENORIE DU COMPTE BERRY EXECUTE LE 27-11 DATE VALEUR : 27/11/2016;BE93210076340567
2016-0621;26/11/2016;26/11/2016;-4,2;EUR;BE93210076340567;AVEC LA CARTE 6703 04XX XXXX X112 8 MEDIACITE PARKIN  LIEGE26-11-2016 DATE VALEUR : 26/11/2016;BE93210076340567
2016-0620;26/11/2016;26/11/2016;-21,56;EUR;BE93210076340567;AVEC LA CARTE 6703 04XX XXXX X112 8 BRICO 3612 BONCE  BONCELLES26-11-2016 DATE VALEUR : 26/11/2016;BE93210076340567
2016-0619;25/11/2016;25/11/2016;-15,54;EUR;BE93210076340567;AVEC LA CARTE 6703 04XX XXXX X112 8 DOYEN QUICAILLER  SERAING25-11-2016 DATE VALEUR : 25/11/2016;BE93210076340567
2016-0618;25/11/2016;25/11/2016;-15,99;EUR;BE93210076340567;AVEC LA CARTE 6703 04XX XXXX X112 8 BRICO 3612        BONCELLES25-11-2016 DATE VALEUR : 25/11/2016;BE93210076340567
2016-0617;25/11/2016;25/11/2016;-36;EUR;BE93210076340567;VOO NUMERO DE MANDAT :3000000019579 REFERENCE : 0204287727 COMMUNICATION : COMPTE DE CONTRAT 000003365773 DATE VALEUR : 25/11/2016;BE93210076340567
2016-0616;24/11/2016;24/11/2016;-32,06;EUR;BE93210076340567;PROXIMUS NUMERO DE MANDAT :M000387979 REFERENCE : 4000571625 COMMUNICATION : 16300193636900191371 DATE VALEUR : 24/11/2016;BE93210076340567
2016-0615;23/11/2016;23/11/2016;2.022,62;EUR;BE93210076340567;S.F.P. BE44 0011 3066 5645  BIC GEBABEBBREFERENCE DONNEUR D'ORDRE : 49011303925 11/2016 068448 COMMUNICATION : /B/ PENS.11/2016  B   49011303925  PR ECOMPTE: 231,40 COTIS.AMI: 84,72 SOLI D: 47,73 PLUS D'INFOS:WWW.MYPENSION.B E;BE93210076340567
2016-0614;22/11/2016;22/11/2016;-42,43;EUR;BE93210076340567;AVEC LA CARTE 6703 21XX XXXX X800 7 CARREFOUR 0609    LIEGE 222-11-2016 DATE VALEUR : 22/11/2016;BE93210076340567
2016-0613;22/11/2016;22/11/2016;-84,95;EUR;BE93210076340567;AVEC LA CARTE 6703 21XX XXXX X800 7 RENE COLLARD      LIEGE22-11-2016 DATE VALEUR : 22/11/2016;BE93210076340567
2016-0612;22/11/2016;22/11/2016;19,42;EUR;BE93210076340567;OMNIMUT MUTUALITE LIBRE DE RUE NATALIS 47 B4020        LIEGE BE67 3400 3084 1287  BIC BBRUBEBB REFERENCE DONNEUR D'ORDRE : 5061121D233 COMMUNICATION : /C/ PAIEM. /0201637679938 02016376799 38 721111603230;BE93210076340567
2016-0611;22/11/2016;22/11/2016;19,42;EUR;BE93210076340567;OMNIMUT MUTUALITE LIBRE DE RUE NATALIS 47 B4020        LIEGE BE67 3400 3084 1287  BIC BBRUBEBB REFERENCE DONNEUR D'ORDRE : 5061121D232 COMMUNICATION : /C/ PAIEM. /0201637679937 02016376799 37 721111603229;BE93210076340567
2016-0610;21/11/2016;21/11/2016;-14,99;EUR;BE93210076340567;AVEC LA CARTE 6703 04XX XXXX X112 8 BRICO 3612        BONCELLES21-11-2016 DATE VALEUR : 21/11/2016;BE93210076340567
2016-0609;21/11/2016;19/11/2016;-17,68;EUR;BE93210076340567;AVEC LA CARTE 6703 04XX XXXX X112 8 BRICO 3612        BONCELLES19-11-2016 EXECUTE LE 19-11 DATE VALEUR : 19/11/2016;BE93210076340567
2016-0608;21/11/2016;21/11/2016;-48,62;EUR;BE93210076340567;AVEC LA CARTE 6703 21XX XXXX X800 7 FAMILIA 61 ANGLE  ANGLEUR21-11-2016 DATE VALEUR : 21/11/2016;BE93210076340567
2016-0607;21/11/2016;21/11/2016;-54,95;EUR;BE93210076340567;AG INSURANCE NUMERO DE MANDAT :200734100 REFERENCE : 000019834    07222399101 COMMUNICATION : ASS. AUTO 028-0422452-11 19/11 DATE VALEUR : 21/11/2016;BE93210076340567
2016-0606;21/11/2016;21/11/2016;-120;EUR;BE93210076340567;AVEC LA CARTE 6703 04XX XXXX X112 8 BELLE ILE LGE     LIEGE21-11-2016 DATE VALEUR : 21/11/2016;BE93210076340567
2016-0605;21/11/2016;21/11/2016;-1.285,63;EUR;BE93210076340567;RECETTE DES CONTRIBUTIONS BE77679200260742BIC PCHQBEBB    VIA PC BANKING COMMUNICATION : 016736738694 EXECUTE LE 20-11 DATE VALEUR : 21/11/2016;BE93210076340567
2016-0604;19/11/2016;19/11/2016;-38,7;EUR;BE93210076340567;AVEC LA CARTE 6703 04XX XXXX X112 8 LE MENDY'S        LIEGE19-11-2016 DATE VALEUR : 19/11/2016;BE93210076340567
2016-0603;19/11/2016;21/11/2016;-50;EUR;BE93210076340567;RAPHAEL BAR BE65 3630 0089 8096  BIC BBRUBEBBCOMMUNICATION: PENSION EXTRA LEGALE DATE VALEUR : 21/11/2016;BE93210076340567
2016-0602;18/11/2016;18/11/2016;-3,5;EUR;BE93210076340567;DOMICILIATION EUROPEENNE DE AREANUMERO DE MANDAT : 030809721 REFERENCE : 1610022583 COMMUNICATION : AREA/CONTRAT 030809721/1610022583/030 809721;BE93210076340567
2016-0601;18/11/2016;18/11/2016;-50;EUR;BE93210076340567;BAR STEPHANIE BE97 2400 8066 9749  BIC GEBABEBBCOMMUNICATION: PCLI COMME PROMIS DATE VALEUR : 18/11/2016;BE93210076340567
2016-0600;18/11/2016;18/11/2016;73;EUR;BE93210076340567;DATE VALEUR : 18/11/2016 ;BE93210076340567
2016-0599;17/11/2016;17/11/2016;-75,31;EUR;BE93210076340567;AVEC LA CARTE 6703 04XX XXXX X112 8 PHARMACIE LAMBER  ANGLEUR17-11-2016 DATE VALEUR : 17/11/2016;BE93210076340567
2016-0598;17/11/2016;17/11/2016;-126;EUR;BE93210076340567;ENECO BELGIE NUMERO DE MANDAT :SEPA13036971 REFERENCE : 971674373883 COMMUNICATION : FAC161641005 DATE VALEUR : 17/11/2016;BE93210076340567
2016-0597;15/11/2016;15/11/2016;-8,72;EUR;BE93210076340567;AVEC LA CARTE 6703 04XX XXXX X112 8 CARREFOUR 0612    295015-11-2016 DATE VALEUR : 15/11/2016;BE93210076340567
2016-0596;15/11/2016;15/11/2016;-22,46;EUR;BE93210076340567;AVEC LA CARTE 6703 04XX XXXX X112 8 BRICO 3612        BONCELLES15-11-2016 DATE VALEUR : 15/11/2016;BE93210076340567
2016-0595;14/11/2016;14/11/2016;-41,34;EUR;BE93210076340567;COMPTE INTERNE MASTERCARD: ETAT DE DEPENSES NUMERO 309DATE VALEUR : 14/11/2016;BE93210076340567
2016-0594;12/11/2016;12/11/2016;-32,69;EUR;BE93210076340567;AVEC LA CARTE 6703 04XX XXXX X112 8 TOTAL 1170        402012-11-2016 DATE VALEUR : 12/11/2016;BE93210076340567
2016-0593;12/11/2016;12/11/2016;-32,9;EUR;BE93210076340567;AVEC LA CARTE 6703 04XX XXXX X112 8 LE MENDY'S        LIEGE12-11-2016 DATE VALEUR : 12/11/2016;BE93210076340567
2016-0592;12/11/2016;12/11/2016;-120;EUR;BE93210076340567;AVEC LA CARTE 6703 04XX XXXX X112 8 BELLE ILE LGE     LIEGE12-11-2016 DATE VALEUR : 12/11/2016;BE93210076340567
2016-0591;10/11/2016;9/11/2016;-19,99;EUR;BE93210076340567;AVEC LA CARTE 6703 04XX XXXX X112 8 QTEAM-LIEGE- LIEGE09-11-2016 DATE VALEUR : 09/11/2016;BE93210076340567
2016-0590;9/11/2016;9/11/2016;-2,1;EUR;BE93210076340567;AVEC LA CARTE 6703 04XX XXXX X112 8 PARKING ST GEORG  LIEGE09-11-2016 DATE VALEUR : 09/11/2016;BE93210076340567
2016-0589;9/11/2016;9/11/2016;-9,98;EUR;BE93210076340567;AVEC LA CARTE 6703 04XX XXXX X112 8 MEDIA MARKT LIEG  LIEGE09-11-2016 DATE VALEUR : 09/11/2016;BE93210076340567
2016-0588;9/11/2016;9/11/2016;12,08;EUR;BE93210076340567;SCHOFFENIELS EVELINE DR.D.BOIS D. NEUVILLE 434121     NEUPRE BE16 2400 4805 1174  BIC GEBABEBB COMMUNICATION : PETITES DEPENSES DATE VALEUR : 09/11/2016;BE93210076340567
2016-0587;8/11/2016;8/11/2016;-10,35;EUR;BE93210076340567;AVEC LA CARTE 6703 04XX XXXX X112 8 DOYEN QUICAILLER  SERAING08-11-2016 DATE VALEUR : 08/11/2016;BE93210076340567
2016-0586;7/11/2016;4/11/2016;-21;EUR;BE93210076340567;AVEC LA CARTE 6703 04XX XXXX X112 8 AQUARIUM-MUS LI GE04-11-2016 DATE VALEUR : 04/11/2016;BE93210076340567
2016-0585;7/11/2016;7/11/2016;-62,84;EUR;BE93210076340567;AVEC LA CARTE 6703 21XX XXXX X800 7 CHR DE LA CITADE  LIEGE07-11-2016 DATE VALEUR : 07/11/2016;BE93210076340567
2016-0584;5/11/2016;1/11/2016;-4,03;EUR;BE93210076340567;PREMIUM PACK EXECUTE LE 04-11DATE VALEUR : 01/11/2016;BE93210076340567
2016-0583;5/11/2016;5/11/2016;-36,4;EUR;BE93210076340567;AVEC LA CARTE 6703 04XX XXXX X112 8 SPRL THE TASTE F  LIEGE05-11-2016 DATE VALEUR : 05/11/2016;BE93210076340567
2016-0582;5/11/2016;5/11/2016;-38,9;EUR;BE93210076340567;AVEC LA CARTE 6703 04XX XXXX X112 8 COMBUSTIBLES PIR  SERAING05-11-2016 DATE VALEUR : 05/11/2016;BE93210076340567
2016-0581;5/11/2016;5/11/2016;-50;EUR;BE93210076340567;DU COMPTE NO BE30 0355 9631 4211 DE BAR JEANCOMMUNICATION: PRE 5 PLUS INDEX ALIX 45 DATE VALEUR : 05/11/2016;BE93210076340567
2016-0580;5/11/2016;5/11/2016;-1.300,00;EUR;BE93210076340567;BORN ALIX BE43 2400 8050 9701  BIC GEBABEBBCOMMUNICATION: ALI DATE VALEUR : 05/11/2016;BE93210076340567
2016-0579;5/11/2016;5/11/2016;57,5;EUR;BE93210076340567;SCHOFFENIELS EVELINE DR.D.BOIS D. NEUVILLE 434121     NEUPRE BE16 2400 4805 1174  BIC GEBABEBB COMMUNICATION : REMBOURSEMENT PROTECTIONS DATE VALEUR : 05/11/2016;BE93210076340567
2016-0578;4/11/2016;4/11/2016;-5,5;EUR;BE93210076340567;AVEC LA CARTE 6703 04XX XXXX X112 8 MEDIACITE PARKIN  LIEGE04-11-2016 DATE VALEUR : 04/11/2016;BE93210076340567
2016-0577;4/11/2016;4/11/2016;-8,95;EUR;BE93210076340567;VOO NUMERO DE MANDAT :3000000019579 REFERENCE : 0204235002 COMMUNICATION : COMPTE DE CONTRAT 000004684277 DATE VALEUR : 04/11/2016;BE93210076340567
2016-0576;4/11/2016;4/11/2016;20,48;EUR;BE93210076340567;OMNIMUT MUTUALITE LIBRE DE RUE NATALIS 47 B4020        LIEGE BE67 3400 3084 1287  BIC BBRUBEBB REFERENCE DONNEUR D'ORDRE : 5061103C938 COMMUNICATION : /C/ PAIEM. /0201637650613 02016376506 13 703111602936;BE93210076340567
2016-0575;3/11/2016;3/11/2016;-11,98;EUR;BE93210076340567;AVEC LA CARTE 6703 04XX XXXX X112 8 BRICO 3612        BONCELLES03-11-2016 DATE VALEUR : 03/11/2016;BE93210076340567
2016-0574;3/11/2016;3/11/2016;-20,24;EUR;BE93210076340567;ORANGE NUMERO DE MANDAT :4450901 REFERENCE : A65TQFZR COMMUNICATION : 039064411690 DATE VALEUR : 03/11/2016;BE93210076340567
2016-0573;3/11/2016;3/11/2016;-46,01;EUR;BE93210076340567;AVEC LA CARTE 6703 21XX XXXX X800 7 FAMILIA 61 ANGLE  ANGLEUR03-11-2016 DATE VALEUR : 03/11/2016;BE93210076340567
2016-0572;2/11/2016;2/11/2016;-15,75;EUR;BE93210076340567;SC TEST ACHATS/AANKOOP CV NUMERO DE MANDAT :21137172712 REFERENCE : 909439382334 COMMUNICATION : TA/BD 11-2016 1371727-50 DATE VALEUR : 02/11/2016;BE93210076340567
2016-0571;2/11/2016;2/11/2016;-120;EUR;BE93210076340567;AVEC LA CARTE 6703 04XX XXXX X112 8 BELLE ILE LGE     LIEGE02-11-2016 DATE VALEUR : 02/11/2016;BE93210076340567
2016-0570;31/10/2016;31/10/2016;-55,86;EUR;BE93210076340567;PROXIMUS NUMERO DE MANDAT :F000072307 REFERENCE : 665231721683-00000000000025920 COMMUNICATION : 665231721683 DATE VALEUR : 31/10/2016;BE93210076340567
2016-0569;31/10/2016;31/10/2016;-69,24;EUR;BE93210076340567;AG INSURANCE NUMERO DE MANDAT :200734101 REFERENCE : 000019474    07113780501 COMMUNICATION : ASS. AUTO 028-2344251-46 31/10 DATE VALEUR : 31/10/2016;BE93210076340567
2016-0568;27/10/2016;27/10/2016;-51,63;EUR;BE93210076340567;AVEC LA CARTE 6703 04XX XXXX X112 8 CARREFOUR 0612    295027-10-2016 DATE VALEUR : 27/10/2016;BE93210076340567
2016-0567;25/10/2016;25/10/2016;-19,22;EUR;BE93210076340567;AVEC LA CARTE 6703 04XX XXXX X112 8 UNION DES CENTRE  LIEGE25-10-2016 DATE VALEUR : 25/10/2016;BE93210076340567
2016-0566;25/10/2016;25/10/2016;-33,23;EUR;BE93210076340567;AVEC LA CARTE 6703 04XX XXXX X112 8 CARREFOUR 0609    LIEGE 225-10-2016 DATE VALEUR : 25/10/2016;BE93210076340567
2016-0565;25/10/2016;25/10/2016;-73,11;EUR;BE93210076340567;PROXIMUS NUMERO DE MANDAT :M000387979 REFERENCE : 5000555937 COMMUNICATION : 163001727520 DATE VALEUR : 25/10/2016;BE93210076340567
2016-0564;24/10/2016;24/10/2016;2.022,62;EUR;BE93210076340567;S.F.P. BE44 0011 3066 5645  BIC GEBABEBBREFERENCE DONNEUR D'ORDRE : 49011303925 10/2016 072884 COMMUNICATION : /B/ PENS.10/2016  B   49011303925  PR ECOMPTE: 231,40 COTIS.AMI: 84,72 SOLI D: 47,73 PLUS D'INFOS:WWW.MYPENSION.B E;BE93210076340567
2016-0563;21/10/2016;21/10/2016;-47,5;EUR;BE93210076340567;AVEC LA CARTE 6703 04XX XXXX X112 8 UNION DES CENTRE  LIEGE21-10-2016 DATE VALEUR : 21/10/2016;BE93210076340567
2016-0562;21/10/2016;21/10/2016;-112,52;EUR;BE93210076340567;AVEC LA CARTE 6703 04XX XXXX X112 8 CARREFOUR 0609    LIEGE 221-10-2016 DATE VALEUR : 21/10/2016;BE93210076340567
2016-0561;19/10/2016;19/10/2016;-50;EUR;BE93210076340567;RAPHAEL BAR BE65 3630 0089 8096  BIC BBRUBEBBCOMMUNICATION: PENSION EXTRA LEGALE DATE VALEUR : 19/10/2016;BE93210076340567
2016-0560;19/10/2016;19/10/2016;-54,95;EUR;BE93210076340567;AG INSURANCE NUMERO DE MANDAT :200734100 REFERENCE : 000019273    07100685901 COMMUNICATION : ASS. AUTO 028-0422452-11 19/10 DATE VALEUR : 19/10/2016;BE93210076340567
2016-0559;18/10/2016;18/10/2016;-22,51;EUR;BE93210076340567;AVEC LA CARTE 6703 21XX XXXX X800 7 FAMILIA 61 ANGLE  ANGLEUR18-10-2016 DATE VALEUR : 18/10/2016;BE93210076340567
2016-0558;18/10/2016;18/10/2016;-31,03;EUR;BE93210076340567;AVEC LA CARTE 6703 04XX XXXX X112 8 SHELL BONCELLES   BONCELLES18-10-2016 DATE VALEUR : 18/10/2016;BE93210076340567
2016-0557;18/10/2016;18/10/2016;-50;EUR;BE93210076340567;BAR STEPHANIE BE97 2400 8066 9749  BIC GEBABEBBCOMMUNICATION: PCLI COMME PROMIS DATE VALEUR : 18/10/2016;BE93210076340567
2016-0556;18/10/2016;18/10/2016;-57,41;EUR;BE93210076340567;AVEC LA CARTE 6703 04XX XXXX X112 8 ETS R. JACOBY-AE  LIEGE18-10-2016 DATE VALEUR : 18/10/2016;BE93210076340567
2016-0555;18/10/2016;18/10/2016;149,81;EUR;BE93210076340567;IMMO WOESTYN KOKSIJDE BVBA WESTENDESTRAAT       128670    KOKSIJDE BE26 7380 0955 5229  BIC KREDBEBB REFERENCE DONNEUR D'ORDRE : 999160118475 COMMUNICATION : AFREKENING HUURDER: 16/01184 DATE VALEUR : 18/10/2016;BE93210076340567
2016-0554;17/10/2016;17/10/2016;-18,1;EUR;BE93210076340567;AVEC LA CARTE 6703 04XX XXXX X112 8 LUTECE            LIEGE17-10-2016 DATE VALEUR : 17/10/2016;BE93210076340567
2016-0553;17/10/2016;17/10/2016;-126;EUR;BE93210076340567;ENECO BELGIE NUMERO DE MANDAT :SEPA13036971 REFERENCE : 971666291864 COMMUNICATION : FAC161469665 DATE VALEUR : 17/10/2016;BE93210076340567
2016-0552;14/10/2016;14/10/2016;-8,7;EUR;BE93210076340567;AVEC LA CARTE 6703 04XX XXXX X112 8 CARREFOUR 0609    LIEGE 214-10-2016 DATE VALEUR : 14/10/2016;BE93210076340567
2016-0551;14/10/2016;14/10/2016;-28,39;EUR;BE93210076340567;AVEC LA CARTE 6703 04XX XXXX X112 8 FAMILIA 61 ANGLE  ANGLEUR14-10-2016 DATE VALEUR : 14/10/2016;BE93210076340567
2016-0550;13/10/2016;13/10/2016;-40,3;EUR;BE93210076340567;COMPTE INTERNE MASTERCARD: ETAT DE DEPENSES NUMERO 278DATE VALEUR : 13/10/2016;BE93210076340567
2016-0549;12/10/2016;12/10/2016;-10,59;EUR;BE93210076340567;AVEC LA CARTE 6703 04XX XXXX X112 8 CARREFOUR 0612    BONCELLES12-10-2016 DATE VALEUR : 12/10/2016;BE93210076340567
2016-0548;12/10/2016;12/10/2016;-58,16;EUR;BE93210076340567;AVEC LA CARTE 6703 04XX XXXX X112 8 FAMILIA 61 ANGLE  ANGLEUR12-10-2016 DATE VALEUR : 12/10/2016;BE93210076340567
2016-0547;11/10/2016;11/10/2016;-30,3;EUR;BE93210076340567;AVEC LA CARTE 6703 04XX XXXX X112 8 PHARMACIE LAMBER  ANGLEUR11-10-2016 DATE VALEUR : 11/10/2016;BE93210076340567
2016-0546;10/10/2016;10/10/2016;-15,9;EUR;BE93210076340567;AVEC LA CARTE 6703 04XX XXXX X112 8 LUTECE            LIEGE10-10-2016 DATE VALEUR : 10/10/2016;BE93210076340567
2016-0545;10/10/2016;10/10/2016;-60;EUR;BE93210076340567;AVEC LA CARTE 6703 04XX XXXX X112 8 BELLE ILE LGE     LIEGE10-10-2016 DATE VALEUR : 10/10/2016;BE93210076340567
2016-0544;10/10/2016;9/10/2016;-120;EUR;BE93210076340567;AVEC LA CARTE 6703 04XX XXXX X112 8 ANGL.SART TILMAN  ANGLEUR09-10-2016 EXECUTE LE 09-10 DATE VALEUR : 09/10/2016;BE93210076340567
2016-0543;8/10/2016;8/10/2016;-32,97;EUR;BE93210076340567;AVEC LA CARTE 6703 04XX XXXX X112 8 VANDEN BORRE 008  BONCELLES08-10-2016 DATE VALEUR : 08/10/2016;BE93210076340567
2016-0542;8/10/2016;8/10/2016;-37,17;EUR;BE93210076340567;AVEC LA CARTE 6703 04XX XXXX X112 8 DATS 24 BONCELLE  BONCELLES08-10-2016 DATE VALEUR : 08/10/2016;BE93210076340567
2016-0541;8/10/2016;8/10/2016;-99;EUR;BE93210076340567;AVEC LA CARTE 6703 04XX XXXX X112 8 VANDEN BORRE 008  BONCELLES08-10-2016 DATE VALEUR : 08/10/2016;BE93210076340567
2016-0540;7/10/2016;1/10/2016;-2,22;EUR;BE93210076340567;PERIODE DU 01-09-2016 AU 30-09-2016DETAILS VOIR ANNEXE EXECUTE LE 06-10 DATE VALEUR : 01/10/2016;BE93210076340567
2016-0539;7/10/2016;1/10/2016;-4,03;EUR;BE93210076340567;PREMIUM PACK EXECUTE LE 06-10DATE VALEUR : 01/10/2016;BE93210076340567
2016-0538;7/10/2016;7/10/2016;-4,41;EUR;BE93210076340567;AVEC LA CARTE 6703 21XX XXXX X800 7 FAMILIA 61 ANGLE  ANGLEUR07-10-2016 DATE VALEUR : 07/10/2016;BE93210076340567
2016-0537;7/10/2016;7/10/2016;-221,91;EUR;BE93210076340567;AG INSURANCE NUMERO DE MANDAT :100103713 REFERENCE : 000019081    07100018801 COMMUNICATION : 03/000089486611/01-10-2016 DATE VALEUR : 07/10/2016;BE93210076340567
2016-0536;6/10/2016;6/10/2016;-8,95;EUR;BE93210076340567;VOO NUMERO DE MANDAT :3000000019579 REFERENCE : 0204153435 COMMUNICATION : COMPTE DE CONTRAT 000004684277 DATE VALEUR : 06/10/2016;BE93210076340567
2016-0535;6/10/2016;6/10/2016;-20;EUR;BE93210076340567;ORANGE NUMERO DE MANDAT :4450901 REFERENCE : A65SX60C COMMUNICATION : 038906697673 DATE VALEUR : 06/10/2016;BE93210076340567
2016-0534;5/10/2016;5/10/2016;-50;EUR;BE93210076340567;DU COMPTE NO BE30 0355 9631 4211 DE BAR JEANCOMMUNICATION: PRE 5 PLUS INDEX ALIX 45 DATE VALEUR : 05/10/2016;BE93210076340567
2016-0533;5/10/2016;5/10/2016;-1.300,00;EUR;BE93210076340567;BORN ALIX BE43 2400 8050 9701  BIC GEBABEBBCOMMUNICATION: ALI DATE VALEUR : 05/10/2016;BE93210076340567
2016-0532;4/10/2016;4/10/2016;19;EUR;BE93210076340567;DE LANDSHEERE - BAR R SART-LAURENT 314120 ROTHEUX-RIM. BE84 1030 3064 1459  BIC NICABEBB COMMUNICATION : REMBOURSEMENT PILES, PANNEAUX, CHIPS ETC MERCI DATE VALEUR : 04/10/2016;BE93210076340567
2016-0531;3/10/2016;2/10/2016;-0,9;EUR;BE93210076340567;AVEC LA CARTE 6703 04XX XXXX X112 8 PROXY DELHAIZE F  LIEGE02-10-2016 EXECUTE LE 02-10 DATE VALEUR : 02/10/2016;BE93210076340567
2016-0530;3/10/2016;1/10/2016;-6;EUR;BE93210076340567;AVEC LA CARTE 6703 04XX XXXX X112 8 MEDIACITE PARKIN  LIEGE01-10-2016 EXECUTE LE 02-10 DATE VALEUR : 01/10/2016;BE93210076340567
2016-0529;3/10/2016;30/09/2016;-9,4;EUR;BE93210076340567;AVEC LA CARTE 6703 04XX XXXX X112 8 MARCO POLO ANGLEUR30-09-2016 DATE VALEUR : 30/09/2016;BE93210076340567
2016-0528;3/10/2016;3/10/2016;-15,7;EUR;BE93210076340567;AVEC LA CARTE 6703 04XX XXXX X112 8 LUTECE            LIEGE03-10-2016 DATE VALEUR : 03/10/2016;BE93210076340567
2016-0527;3/10/2016;3/10/2016;-15,75;EUR;BE93210076340567;SC TEST ACHATS/AANKOOP CV NUMERO DE MANDAT :21137172712 REFERENCE : 905927372345 COMMUNICATION : TA/BD 10-2016 1371727-50 DATE VALEUR : 03/10/2016;BE93210076340567
2016-0526;3/10/2016;3/10/2016;-1.486,47;EUR;BE93210076340567;SENORIE SART TILMAN BE80340033953977BIC BBRUBEBB    VIA WEB BANKING COMMUNICATION : FACTURE 2016252- EVELINE SCHOFFENIELS JUILLET 2016 DATE VALEUR : 03/10/2016;BE93210076340567
2016-0525;30/09/2016;30/09/2016;-59,41;EUR;BE93210076340567;PROXIMUS NUMERO DE MANDAT :F000072307 REFERENCE : 662256889816-00000000000025052 COMMUNICATION : 662256889816 DATE VALEUR : 30/09/2016;BE93210076340567
2016-0524;30/09/2016;30/09/2016;-69,24;EUR;BE93210076340567;AG INSURANCE NUMERO DE MANDAT :200734101 REFERENCE : 000018880    06992051801 COMMUNICATION : ASS. AUTO 028-2344251-46 30/09 DATE VALEUR : 30/09/2016;BE93210076340567
2016-0523;30/09/2016;30/09/2016;-114,5;EUR;BE93210076340567;AVEC LA CARTE 6703 04XX XXXX X112 8 CARREFOUR 0612    BONCELLES30-09-2016 DATE VALEUR : 30/09/2016;BE93210076340567
2016-0522;27/09/2016;24/09/2016;-14,24;EUR;BE93210076340567;AVEC LA CARTE 6703 04XX XXXX X112 8 ALIPAY EUR LUXEMBO 24-09-2016EUR     14,24 DATE VALEUR : 24/09/2016;BE93210076340567
2016-0521;27/09/2016;27/09/2016;-36;EUR;BE93210076340567;VOO NUMERO DE MANDAT :3000000019579 REFERENCE : 0204117893 COMMUNICATION : COMPTE DE CONTRAT 000003365773 DATE VALEUR : 27/09/2016;BE93210076340567
2016-0520;26/09/2016;25/09/2016;-10;EUR;BE93210076340567;AVEC LA CARTE 6703 04XX XXXX X112 8 WWW.ORANGE.BE     INTERNET25-09-2016 EXECUTE LE 25-09 DATE VALEUR : 25/09/2016;BE93210076340567
2016-0519;26/09/2016;26/09/2016;-11,45;EUR;BE93210076340567;AVEC LA CARTE 6703 04XX XXXX X112 8 MISTER MINIT      LIEGE 226-09-2016 DATE VALEUR : 26/09/2016;BE93210076340567
2016-0518;26/09/2016;26/09/2016;-18,6;EUR;BE93210076340567;AVEC LA CARTE 6703 04XX XXXX X112 8 LUTECE            LIEGE26-09-2016 DATE VALEUR : 26/09/2016;BE93210076340567
2016-0517;26/09/2016;26/09/2016;-25,48;EUR;BE93210076340567;AVEC LA CARTE 6703 04XX XXXX X112 8 BRICO 3612        BONCELLES26-09-2016 DATE VALEUR : 26/09/2016;BE93210076340567
2016-0516;26/09/2016;25/09/2016;10,8;EUR;BE93210076340567;SCHOFFENIELS EVELINE DR.D.BOIS D. NEUVILLE 434121     NEUPRE BE16 2400 4805 1174  BIC GEBABEBB COMMUNICATION : COURSES 24/9 DATE VALEUR : 25/09/2016;BE93210076340567
2016-0515;24/09/2016;24/09/2016;-9,08;EUR;BE93210076340567;AVEC LA CARTE 6703 04XX XXXX X112 8 CARREFOUR 0609    LIEGE 224-09-2016 DATE VALEUR : 24/09/2016;BE93210076340567
2016-0514;23/09/2016;23/09/2016;-25,1;EUR;BE93210076340567;AVEC LA CARTE 6703 04XX XXXX X112 8 BOWLING 633       TILFF23-09-2016 DATE VALEUR : 23/09/2016;BE93210076340567
2016-0513;23/09/2016;23/09/2016;-52,85;EUR;BE93210076340567;PROXIMUS NUMERO DE MANDAT :M000387979 REFERENCE : 2000556796 COMMUNICATION : 163001495289 DATE VALEUR : 23/09/2016;BE93210076340567
2016-0512;23/09/2016;23/09/2016;2.022,62;EUR;BE93210076340567;S.F.P. BE44 0011 3066 5645  BIC GEBABEBBREFERENCE DONNEUR D'ORDRE : 49011303925 09/2016 070203 COMMUNICATION : /B/ PENS.09/2016  B   49011303925  PR ECOMPTE: 231,40 COTIS.AMI: 84,72 SOLI D: 47,73 PLUS D'INFOS:WWW.MYPENSION.B E;BE93210076340567
2016-0511;22/09/2016;22/09/2016;-33,24;EUR;BE93210076340567;AVEC LA CARTE 6703 21XX XXXX X800 7 TOTAL 1170        402022-09-2016 DATE VALEUR : 22/09/2016;BE93210076340567
2016-0510;21/09/2016;21/09/2016;-30,77;EUR;BE93210076340567;AVEC LA CARTE 6703 04XX XXXX X112 8 BRICO 3612        BONCELLES21-09-2016 DATE VALEUR : 21/09/2016;BE93210076340567
2016-0509;20/09/2016;20/09/2016;-690,26;EUR;BE93210076340567;ETHIAS BE89096363911685BIC GKCCBEBB    VIA PC BANKING COMMUNICATION : 354830849996 DATE VALEUR : 20/09/2016;BE93210076340567
2016-0508;19/09/2016;19/09/2016;-15,7;EUR;BE93210076340567;AVEC LA CARTE 6703 04XX XXXX X112 8 LUTECE            LIEGE19-09-2016 DATE VALEUR : 19/09/2016;BE93210076340567
2016-0507;19/09/2016;19/09/2016;-50;EUR;BE93210076340567;RAPHAEL BAR BE65 3630 0089 8096  BIC BBRUBEBBCOMMUNICATION: PENSION EXTRA LEGALE DATE VALEUR : 19/09/2016;BE93210076340567
2016-0506;19/09/2016;18/09/2016;-50;EUR;BE93210076340567;BAR STEPHANIE BE97 2400 8066 9749  BIC GEBABEBBCOMMUNICATION: PCLI COMME PROMIS EXECUTE LE 18-09 DATE VALEUR : 18/09/2016;BE93210076340567
2016-0505;19/09/2016;19/09/2016;-54,95;EUR;BE93210076340567;AG INSURANCE NUMERO DE MANDAT :200734100 REFERENCE : 000018644    06978788801 COMMUNICATION : ASS. AUTO 028-0422452-11 19/09 DATE VALEUR : 19/09/2016;BE93210076340567
2016-0504;19/09/2016;19/09/2016;-126;EUR;BE93210076340567;ENECO BELGIE NUMERO DE MANDAT :SEPA13036971 REFERENCE : 971658955836 COMMUNICATION : FAC161301062 DATE VALEUR : 19/09/2016;BE93210076340567
2016-0503;19/09/2016;19/09/2016;-128,25;EUR;BE93210076340567;AVEC LA CARTE 6703 04XX XXXX X112 8 CARREFOUR 0609    LIEGE 219-09-2016 DATE VALEUR : 19/09/2016;BE93210076340567
2016-0502;16/09/2016;16/09/2016;-41,56;EUR;BE93210076340567;AVEC LA CARTE 6703 04XX XXXX X112 8 BRICO 3612        BONCELLES16-09-2016 DATE VALEUR : 16/09/2016;BE93210076340567
2016-0501;14/09/2016;14/09/2016;-12,88;EUR;BE93210076340567;AVEC LA CARTE 6703 04XX XXXX X112 8 BRICO 3612        BONCELLES14-09-2016 DATE VALEUR : 14/09/2016;BE93210076340567
2016-0500;14/09/2016;14/09/2016;-29,52;EUR;BE93210076340567;AVEC LA CARTE 6703 04XX XXXX X112 8 DATS 24 BONCELLE  BONCELLES14-09-2016 DATE VALEUR : 14/09/2016;BE93210076340567
2016-0499;14/09/2016;14/09/2016;-51,16;EUR;BE93210076340567;AVEC LA CARTE 6703 04XX XXXX X112 8 MERY BOIS  SA     ESNEUX14-09-2016 DATE VALEUR : 14/09/2016;BE93210076340567
2016-0498;13/09/2016;13/09/2016;-60,32;EUR;BE93210076340567;AVEC LA CARTE 6703 21XX XXXX X800 7 PHARMACIE LAMBER  ANGLEUR13-09-2016 DATE VALEUR : 13/09/2016;BE93210076340567
2016-0497;13/09/2016;13/09/2016;-72,83;EUR;BE93210076340567;ETHIAS BE89096363911685BIC GKCCBEBB    VIA PC BANKING COMMUNICATION : 552743219910 DATE VALEUR : 13/09/2016;BE93210076340567
2016-0496;13/09/2016;13/09/2016;-163,05;EUR;BE93210076340567;COMPTE INTERNE MASTERCARD: ETAT DE DEPENSES NUMERO 248DATE VALEUR : 13/09/2016;BE93210076340567
2016-0495;13/09/2016;13/09/2016;29,36;EUR;BE93210076340567;SCHOFFENIELS EVELINE DR.D.BOIS D. NEUVILLE 434121     NEUPRE BE16 2400 4805 1174  BIC GEBABEBB COMMUNICATION : DELHAIZE ET BARA LE 12/9 DATE VALEUR : 13/09/2016;BE93210076340567
2016-0494;13/09/2016;13/09/2016;10.253,00;EUR;BE93210076340567;M+MME BAR - BORN RUE BELLE JARDINIERE 1864031    LIEGE BE82 6115 9631 7068  BIC DEUTBEBE COMMUNICATION : D1C DATE VALEUR : 13/09/2016;BE93210076340567
2016-0493;12/09/2016;11/09/2016;-19,63;EUR;BE93210076340567;AVEC LA CARTE 6703 04XX XXXX X112 8 PROXY DELH.FETIN  LIEGE11-09-2016 EXECUTE LE 11-09 DATE VALEUR : 11/09/2016;BE93210076340567
2016-0492;12/09/2016;12/09/2016;-120;EUR;BE93210076340567;AVEC LA CARTE 6703 04XX XXXX X112 8 BELLE ILE LGE     LIEGE12-09-2016 DATE VALEUR : 12/09/2016;BE93210076340567
2016-0491;12/09/2016;12/09/2016;136;EUR;BE93210076340567;M. JEAN-PAUL RAULIN RUE NANIOT, 1224000 LIEGE BE36 0000 8141 0581  BIC BPOTBEB1 COMMUNICATION : THEATRE DATE VALEUR : 12/09/2016;BE93210076340567
2016-0490;10/09/2016;10/09/2016;1;EUR;BE93210076340567;BORN ALIX R.BEL.JARDINIERE 1864031     LIEGE BE43 2400 8050 9701  BIC GEBABEBB COMMUNICATION : TEST DATE VALEUR : 10/09/2016;BE93210076340567
2016-0489;7/09/2016;1/09/2016;-4,03;EUR;BE93210076340567;PREMIUM PACK EXECUTE LE 06-09DATE VALEUR : 01/09/2016;BE93210076340567
2016-0488;7/09/2016;7/09/2016;-32,16;EUR;BE93210076340567;OMNIMUT NUMERO DE MANDAT :50601200393368010 REFERENCE : 607002113702 COMMUNICATION : COTISATIONS ASSURANCE COMPLEMENTAIRE 0380019280035 DATE VALEUR : 07/09/2016;BE93210076340567
2016-0487;7/09/2016;7/09/2016;-39,2;EUR;BE93210076340567;AVEC LA CARTE 6703 04XX XXXX X112 8 MERY BOIS  SA     ESNEUX07-09-2016 DATE VALEUR : 07/09/2016;BE93210076340567
2016-0486;6/09/2016;6/09/2016;-6,49;EUR;BE93210076340567;AVEC LA CARTE 6703 04XX XXXX X112 8 BRICOPLANIT 4203  ROCOURT06-09-2016 DATE VALEUR : 06/09/2016;BE93210076340567
2016-0485;6/09/2016;6/09/2016;-12,38;EUR;BE93210076340567;AVEC LA CARTE 6703 04XX XXXX X112 8 ETS CATALDO SA    LIEGE06-09-2016 DATE VALEUR : 06/09/2016;BE93210076340567
2016-0484;6/09/2016;6/09/2016;-13,08;EUR;BE93210076340567;AVEC LA CARTE 6703 04XX XXXX X112 8 CARREFOUR 0609    LIEGE 206-09-2016 DATE VALEUR : 06/09/2016;BE93210076340567
2016-0483;6/09/2016;6/09/2016;-14,85;EUR;BE93210076340567;AVEC LA CARTE 6703 04XX XXXX X112 8 GREYTRYTAIL       GRIVEGNEE06-09-2016 DATE VALEUR : 06/09/2016;BE93210076340567
2016-0482;6/09/2016;6/09/2016;-29,81;EUR;BE93210076340567;ORANGE NUMERO DE MANDAT :4450901 REFERENCE : A65S2AF3 COMMUNICATION : 038754718780 DATE VALEUR : 06/09/2016;BE93210076340567
2016-0481;5/09/2016;5/09/2016;-7,26;EUR;BE93210076340567;COMMUNICATION: FRAIS DE DOSSIER ET DE RECHERCHES CONCERNANT DES     TITRES / REF.63556/16 12172/VDHN DATE VALEUR : 05/09/2016;BE93210076340567
2016-0480;5/09/2016;5/09/2016;-8,95;EUR;BE93210076340567;VOO NUMERO DE MANDAT :3000000019579 REFERENCE : 0204058289 COMMUNICATION : COMPTE DE CONTRAT 000004684277 DATE VALEUR : 05/09/2016;BE93210076340567
2016-0479;5/09/2016;5/09/2016;-50;EUR;BE93210076340567;DU COMPTE NO BE30 0355 9631 4211 DE BAR JEANCOMMUNICATION: PRE 5 PLUS INDEX ALIX 45 DATE VALEUR : 05/09/2016;BE93210076340567
2016-0478;5/09/2016;5/09/2016;-120;EUR;BE93210076340567;AVEC LA CARTE 6703 04XX XXXX X112 8 BELLE ILE LGE     LIEGE05-09-2016 DATE VALEUR : 05/09/2016;BE93210076340567
2016-0477;5/09/2016;5/09/2016;-161,4;EUR;BE93210076340567;M MME BAR-BORN BE82611596317068BIC DEUTBEBE    VIA PC BANKING COMMUNICATION : DB1-ETE DATE VALEUR : 05/09/2016;BE93210076340567
2016-0476;5/09/2016;5/09/2016;-1.300,00;EUR;BE93210076340567;BORN ALIX BE43 2400 8050 9701  BIC GEBABEBBCOMMUNICATION: ALI DATE VALEUR : 05/09/2016;BE93210076340567
2016-0475;3/09/2016;3/09/2016;-9,25;EUR;BE93210076340567;AVEC LA CARTE 6703 04XX XXXX X112 8 EXPRESS LIEGE     LIEGE 203-09-2016 DATE VALEUR : 03/09/2016;BE93210076340567
2016-0474;3/09/2016;2/09/2016;-44,27;EUR;BE93210076340567;AVEC LA CARTE 6703 04XX XXXX X112 8 CARREFOUR 0609    LIEGE 202-09-2016 EXECUTE LE 02-09 DATE VALEUR : 02/09/2016;BE93210076340567
2016-0473;3/09/2016;3/09/2016;47,8;EUR;BE93210076340567;SCHOFFENIELS EVELINE DR.D.BOIS D. NEUVILLE 434121     NEUPRE BE16 2400 4805 1174  BIC GEBABEBB COMMUNICATION : COURSES DIVERSES 27/8:AMPOULES, SAC A SPI, ETC DATE VALEUR : 03/09/2016;BE93210076340567
2016-0472;2/09/2016;2/09/2016;-92;EUR;BE93210076340567;LE FORUM BE44088237771445BIC GKCCBEBB    VIA PC BANKING COMMUNICATION : ORD396961 EXECUTE LE 01-09 DATE VALEUR : 02/09/2016;BE93210076340567
2016-0471;2/09/2016;2/09/2016;-148,4;EUR;BE93210076340567;CILE COMPAGNIE INTERCOMMUNALE LIEGEOI SE DES EAUXNUMERO DE MANDAT : 001012846112 REFERENCE : 0128461 COMMUNICATION : 161071548022 DATE VALEUR : 02/09/2016;BE93210076340567
2016-0470;2/09/2016;2/09/2016;-180;EUR;BE93210076340567;LE FORUM BE44088237771445BIC GKCCBEBB    VIA PC BANKING COMMUNICATION : ORD396808 EXECUTE LE 01-09 DATE VALEUR : 02/09/2016;BE93210076340567
2016-0469;1/09/2016;1/09/2016;-15,75;EUR;BE93210076340567;SC TEST ACHATS/AANKOOP CV NUMERO DE MANDAT :21137172712 REFERENCE : 902331732390 COMMUNICATION : TA/BD 09-2016 1371727-50 DATE VALEUR : 01/09/2016;BE93210076340567
2016-0468;31/08/2016;1/08/2016;-0,05;EUR;BE93210076340567;DATE VALEUR : 01/08/2016 ;BE93210076340567
2016-0467;31/08/2016;31/08/2016;-19,67;EUR;BE93210076340567;AVEC LA CARTE 6703 04XX XXXX X112 8 BRICO 3612        BONCELLES31-08-2016 DATE VALEUR : 31/08/2016;BE93210076340567
2016-0466;31/08/2016;31/08/2016;-69,24;EUR;BE93210076340567;AG INSURANCE NUMERO DE MANDAT :200734101 REFERENCE : 000018267    06880007001 COMMUNICATION : ASS. AUTO 028-2344251-46 31/08 DATE VALEUR : 31/08/2016;BE93210076340567
2016-0465;27/08/2016;27/08/2016;-9,64;EUR;BE93210076340567;AVEC LA CARTE 6703 04XX XXXX X112 8 CARREFOUR 0612    BONCELLES27-08-2016 DATE VALEUR : 27/08/2016;BE93210076340567
2016-0464;26/08/2016;26/08/2016;-7,88;EUR;BE93210076340567;AVEC LA CARTE 6703 04XX XXXX X112 8 BRICO 3612        BONCELLES26-08-2016 DATE VALEUR : 26/08/2016;BE93210076340567
2016-0463;26/08/2016;26/08/2016;-47,72;EUR;BE93210076340567;PROXIMUS NUMERO DE MANDAT :F000072307 REFERENCE : 662026329506-00000000000021380 COMMUNICATION : 662026329506 DATE VALEUR : 26/08/2016;BE93210076340567
2016-0462;25/08/2016;25/08/2016;-27,3;EUR;BE93210076340567;AVEC LA CARTE 6703 04XX XXXX X112 8 NMBS OOSTENDE     OOSTENDE25-08-2016 DATE VALEUR : 25/08/2016;BE93210076340567
2016-0461;25/08/2016;25/08/2016;-65,13;EUR;BE93210076340567;PROXIMUS NUMERO DE MANDAT :M000387979 REFERENCE : 2000531649 COMMUNICATION : 163001262787 DATE VALEUR : 25/08/2016;BE93210076340567
2016-0460;24/08/2016;24/08/2016;-10;EUR;BE93210076340567;AVEC LA CARTE 6703 04XX XXXX X112 8 PARKING SHOP KOK  KOKSIJDE24-08-2016 DATE VALEUR : 24/08/2016;BE93210076340567
2016-0459;24/08/2016;23/08/2016;-11,63;EUR;BE93210076340567;AVEC LA CARTE 6703 04XX XXXX X112 8 COLRUYT KO KOKSIJD23-08-2016 DATE VALEUR : 23/08/2016;BE93210076340567
2016-0458;24/08/2016;24/08/2016;2.022,62;EUR;BE93210076340567;S.F.P. BE44 0011 3066 5645  BIC GEBABEBBREFERENCE DONNEUR D'ORDRE : 49011303925 08/2016 070388 COMMUNICATION : /B/ PENS.08/2016  B   49011303925  PR ECOMPTE: 231,40 COTIS.AMI: 84,72 SOLI D: 47,73 PLUS D'INFOS:WWW.MYPENSION.B E;BE93210076340567
2016-0457;23/08/2016;23/08/2016;18,48;EUR;BE93210076340567;OMNIMUT MUTUALITE LIBRE DE WALLONIE RUE NATALIS 47 B4020        LIEGE BE67 3400 3084 1287  BIC BBRUBEBB REFERENCE DONNEUR D'ORDRE : 5060822B837 COMMUNICATION : /C/ PAIEM. /0201637499027 02016374990 27 722081601836;BE93210076340567
2016-0456;23/08/2016;23/08/2016;20,48;EUR;BE93210076340567;OMNIMUT MUTUALITE LIBRE DE WALLONIE RUE NATALIS 47 B4020        LIEGE BE67 3400 3084 1287  BIC BBRUBEBB REFERENCE DONNEUR D'ORDRE : 5060822B838 COMMUNICATION : /C/ PAIEM. /0201637499028 02016374990 28 722081601837;BE93210076340567
2016-0455;22/08/2016;21/08/2016;-17;EUR;BE93210076340567;AVEC LA CARTE 6703 04XX XXXX X112 8 PARKING SHOP KOK  KOKSIJDE21-08-2016 EXECUTE LE 21-08 DATE VALEUR : 21/08/2016;BE93210076340567
2016-0454;22/08/2016;21/08/2016;-118;EUR;BE93210076340567;AVEC LA CARTE 6703 04XX XXXX X112 8 LE MALOUIN LA LOUV21-08-2016 DATE VALEUR : 21/08/2016;BE93210076340567
2016-0453;20/08/2016;20/08/2016;-23,66;EUR;BE93210076340567;AVEC LA CARTE 6703 04XX XXXX X112 8 ETS CATALDO SA    LIEGE20-08-2016 DATE VALEUR : 20/08/2016;BE93210076340567
2016-0452;20/08/2016;20/08/2016;-36,29;EUR;BE93210076340567;AVEC LA CARTE 6703 04XX XXXX X112 8 CARREFOUR 0609    LIEGE 220-08-2016 DATE VALEUR : 20/08/2016;BE93210076340567
2016-0451;20/08/2016;20/08/2016;-99;EUR;BE93210076340567;AVEC LA CARTE 6703 04XX XXXX X112 8 ENVOL ET PROMOTI  GRACE-HOL20-08-2016 DATE VALEUR : 20/08/2016;BE93210076340567
2016-0450;19/08/2016;19/08/2016;-32,8;EUR;BE93210076340567;AVEC LA CARTE 6703 21XX XXXX X800 7 TOTAL 1170        402019-08-2016 DATE VALEUR : 19/08/2016;BE93210076340567
2016-0449;19/08/2016;19/08/2016;-50;EUR;BE93210076340567;RAPHAEL BAR BE65 3630 0089 8096  BIC BBRUBEBBCOMMUNICATION: PENSION EXTRA LEGALE DATE VALEUR : 19/08/2016;BE93210076340567
2016-0448;19/08/2016;19/08/2016;-54,95;EUR;BE93210076340567;AG INSURANCE NUMERO DE MANDAT :200734100 REFERENCE : 000018056    06860668001 COMMUNICATION : ASS. AUTO 028-0422452-11 19/08 DATE VALEUR : 19/08/2016;BE93210076340567
2016-0447;19/08/2016;19/08/2016;-126;EUR;BE93210076340567;ENECO BELGIE NUMERO DE MANDAT :SEPA13036971 REFERENCE : 971651349420 COMMUNICATION : FAC161131322 DATE VALEUR : 19/08/2016;BE93210076340567
2016-0446;19/08/2016;19/08/2016;-178,72;EUR;BE93210076340567;AVEC LA CARTE 6703 04XX XXXX X112 8 CARREFOUR 0612    BONCELLES19-08-2016 DATE VALEUR : 19/08/2016;BE93210076340567
2016-0445;18/08/2016;18/08/2016;-36,94;EUR;BE93210076340567;UCMI BE14363094705483BIC BBRUBEBB    VIA PC BANKING COMMUNICATION : 166076330821 EXECUTE LE 17-08 DATE VALEUR : 18/08/2016;BE93210076340567
2016-0444;18/08/2016;18/08/2016;-50;EUR;BE93210076340567;BAR STEPHANIE BE97 2400 8066 9749  BIC GEBABEBBCOMMUNICATION: PCLI COMME PROMIS DATE VALEUR : 18/08/2016;BE93210076340567
2016-0443;18/08/2016;18/08/2016;-178,08;EUR;BE93210076340567;AVEC LA CARTE 6703 04XX XXXX X112 8 CHEMINEES LIEGEO  BATTICE18-08-2016 DATE VALEUR : 18/08/2016;BE93210076340567
2016-0442;18/08/2016;17/08/2016;35,23;EUR;BE93210076340567;SCHOFFENIELS EVELINE DR.D.BOIS D. NEUVILLE 434121     NEUPRE BE16 2400 4805 1174  BIC GEBABEBB COMMUNICATION : DELHAIZE +FRIGO DATE VALEUR : 17/08/2016;BE93210076340567
2016-0441;18/08/2016;17/08/2016;46,94;EUR;BE93210076340567;SCHOFFENIELS EVELINE DR.D.BOIS D. NEUVILLE 434121     NEUPRE BE16 2400 4805 1174  BIC GEBABEBB PAS DE COMMUNICATION DATE VALEUR : 17/08/2016;BE93210076340567
2016-0440;16/08/2016;16/08/2016;-12,2;EUR;BE93210076340567;AVEC LA CARTE 6703 04XX XXXX X112 8 AUTOSECURITE SCA  GR-HOLLOG16-08-2016 DATE VALEUR : 16/08/2016;BE93210076340567
2016-0439;16/08/2016;14/08/2016;-120;EUR;BE93210076340567;AVEC LA CARTE 6703 04XX XXXX X112 8 LIEGE VERTBOIS    LIEGE14-08-2016 EXECUTE LE 14-08 DATE VALEUR : 14/08/2016;BE93210076340567
2016-0438;16/08/2016;16/08/2016;-140;EUR;BE93210076340567;VILLE DE LIEGE - GESTION FINANCI BE97097163770049BIC GKCCBEBB    VIA PC BANKING COMMUNICATION : 021605461314 EXECUTE LE 15-08 DATE VALEUR : 16/08/2016;BE93210076340567
2016-0437;16/08/2016;16/08/2016;-221,66;EUR;BE93210076340567;COMPTE INTERNE MASTERCARD: ETAT DE DEPENSES NUMERO 217DATE VALEUR : 16/08/2016;BE93210076340567
2016-0436;13/08/2016;13/08/2016;-15,83;EUR;BE93210076340567;AVEC LA CARTE 6703 04XX XXXX X112 8 CARREFOUR 0609    LIEGE 213-08-2016 DATE VALEUR : 13/08/2016;BE93210076340567
2016-0435;11/08/2016;11/08/2016;-126;EUR;BE93210076340567;AVEC LA CARTE 6703 04XX XXXX X112 8 CARREFOUR 0609    LIEGE 211-08-2016 DATE VALEUR : 11/08/2016;BE93210076340567
2016-0434;10/08/2016;10/08/2016;-249,59;EUR;BE93210076340567;AVEC LA CARTE 6703 04XX XXXX X112 8 AUTO CONTACT LOM  SERAING10-08-2016 DATE VALEUR : 10/08/2016;BE93210076340567
2016-0433;9/08/2016;9/08/2016;-51,69;EUR;BE93210076340567;AVEC LA CARTE 6703 21XX XXXX X800 7 FAMILIA 61 ANGLE  ANGLEUR09-08-2016 DATE VALEUR : 09/08/2016;BE93210076340567
2016-0432;8/08/2016;8/08/2016;-6;EUR;BE93210076340567;AVEC LA CARTE 6703 04XX XXXX X112 8 SW 507 BONCELLES  BONCELLES08-08-2016 DATE VALEUR : 08/08/2016;BE93210076340567
2016-0431;8/08/2016;8/08/2016;-8;EUR;BE93210076340567;AVEC LA CARTE 6703 04XX XXXX X112 8 SW 507 BONCELLES  BONCELLES08-08-2016 DATE VALEUR : 08/08/2016;BE93210076340567
2016-0430;8/08/2016;8/08/2016;-50;EUR;BE93210076340567;PARTHOENS-TOLOMEO BE50363453996618BIC BBRUBEBB    VIA PC BANKING COMMUNICATION : AVEC NOS FELICITATIONS ET TOUS NOS VO EUX DE BONHEUR ALIX ET JEAN-CLAUDE DATE VALEUR : 08/08/2016;BE93210076340567
2016-0429;8/08/2016;8/08/2016;-76,64;EUR;BE93210076340567;INFIRMIERES DE NEUPRE BE64340038054552BIC BBRUBEBB    VIA PC BANKING COMMUNICATION : M011617602 SCHOFFENIELS EVELINE DATE VALEUR : 08/08/2016;BE93210076340567
2016-0428;8/08/2016;8/08/2016;-109;EUR;BE93210076340567;ROSSEL BE61310049637717BIC BBRUBEBB    VIA PC BANKING COMMUNICATION : 004542240016 DATE VALEUR : 08/08/2016;BE93210076340567
2016-0427;8/08/2016;8/08/2016;-309,06;EUR;BE93210076340567;CPAS DE NEUPRE BE54097464630097BIC GKCCBEBB    VIA PC BANKING COMMUNICATION : 161900137580 DATE VALEUR : 08/08/2016;BE93210076340567
2016-0426;8/08/2016;8/08/2016;40;EUR;BE93210076340567;SCHOFFENIELS EVELINE DR.D.BOIS D. NEUVILLE 434121     NEUPRE BE16 2400 4805 1174  BIC GEBABEBB COMMUNICATION : REMBOURSEMENT NETTOYAGE DATE VALEUR : 08/08/2016;BE93210076340567
2016-0425;8/08/2016;8/08/2016;76,64;EUR;BE93210076340567;SCHOFFENIELS EVELINE DR.D.BOIS D. NEUVILLE 434121     NEUPRE BE16 2400 4805 1174  BIC GEBABEBB COMMUNICATION : ERREUR INFIRMIERES DE NEUPRE DATE VALEUR : 08/08/2016;BE93210076340567
2016-0424;8/08/2016;8/08/2016;109;EUR;BE93210076340567;SCHOFFENIELS EVELINE DR.D.BOIS D. NEUVILLE 434121     NEUPRE BE16 2400 4805 1174  BIC GEBABEBB COMMUNICATION : ERREUR LE SOIR DATE VALEUR : 08/08/2016;BE93210076340567
2016-0423;8/08/2016;8/08/2016;309,06;EUR;BE93210076340567;SCHOFFENIELS EVELINE DR.D.BOIS D. NEUVILLE 434121     NEUPRE BE16 2400 4805 1174  BIC GEBABEBB COMMUNICATION : 309,06ERREUR CPAS DATE VALEUR : 08/08/2016;BE93210076340567
2016-0422;6/08/2016;8/08/2016;-15,67;EUR;BE93210076340567;LABO DR J.COLLARD BE08340130103613BIC BBRUBEBB    VIA PC BANKING COMMUNICATION : 916014530768 DATE VALEUR : 08/08/2016;BE93210076340567
2016-0421;6/08/2016;6/08/2016;-64,16;EUR;BE93210076340567;AVEC LA CARTE 6703 04XX XXXX X112 8 CARREFOUR 0609    LIEGE 206-08-2016 DATE VALEUR : 06/08/2016;BE93210076340567
2016-0420;6/08/2016;8/08/2016;-528,6;EUR;BE93210076340567;M MME BAR-BORN BE82611596317068BIC DEUTBEBE    VIA PC BANKING COMMUNICATION : ETE-DB1 DATE VALEUR : 08/08/2016;BE93210076340567
2016-0419;6/08/2016;6/08/2016;64,16;EUR;BE93210076340567;SCHOFFENIELS EVELINE DR.D.BOIS D. NEUVILLE 434121     NEUPRE BE16 2400 4805 1174  BIC GEBABEBB COMMUNICATION : DELHAIZE NETTOYER MANGER DATE VALEUR : 06/08/2016;BE93210076340567
2016-0418;5/08/2016;1/08/2016;-2,22;EUR;BE93210076340567;PERIODE DU 01-07-2016 AU 31-07-2016DETAILS VOIR ANNEXE EXECUTE LE 04-08 DATE VALEUR : 01/08/2016;BE93210076340567
2016-0417;5/08/2016;1/08/2016;-4,03;EUR;BE93210076340567;PREMIUM PACK EXECUTE LE 04-08DATE VALEUR : 01/08/2016;BE93210076340567
2016-0416;5/08/2016;5/08/2016;-14,61;EUR;BE93210076340567;AVEC LA CARTE 6703 04XX XXXX X112 8 TEXACO ANGLEUR    ANGLEUR05-08-2016 DATE VALEUR : 05/08/2016;BE93210076340567
2016-0415;5/08/2016;5/08/2016;-42,3;EUR;BE93210076340567;AVEC LA CARTE 6703 04XX XXXX X112 8 AUTOSECURITE SCA  GR-HOLLOG05-08-2016 DATE VALEUR : 05/08/2016;BE93210076340567
2016-0414;5/08/2016;5/08/2016;-50;EUR;BE93210076340567;DU COMPTE NO BE30 0355 9631 4211 DE BAR JEANCOMMUNICATION: PRE 5 PLUS INDEX ALIX 45 DATE VALEUR : 05/08/2016;BE93210076340567
2016-0413;5/08/2016;5/08/2016;-1.300,00;EUR;BE93210076340567;BORN ALIX BE43 2400 8050 9701  BIC GEBABEBBCOMMUNICATION: ALI DATE VALEUR : 05/08/2016;BE93210076340567
