"0","Query1='SELECT Mnt-En-Euros.NMvt AS NMvt, Mnt-En-Euros.TYPE AS Type, Mnt-En-Euros.MoisAbs AS MoisAbs,Mnt-En-Euros.Mnt AS Mnt, Mnt-En-Euros.MONTANT AS MONTANT, MSMnt-En-Cents.TYPE AS TypeMS, MSMnt-En-Cents.MoisAbs AS MSMoisAbs, MSMnt-En-Cents.MntInt AS MntMS, MSMnt-En-Cents.MONTANT AS MONTANTMS, ( CAST( Mnt-En-Euros.MONTANT AS INTEGER ) - CAST( MSMnt-En-Cents.MntInt AS INTEGER ) ) AS delta FROM Mnt-En-Euros INNER JOIN MSMnt-En-Cents ON Mnt-En-Euros.nmvt = MSMnt-En-Cents.nmvt WHERE CAST( Mnt-En-Euros.Mnt AS reel ) <> CAST( MSMnt-En-Cents.MONTANT AS reel ) OR Mnt-En-Euros.Type <> MSMnt-En-Cents.Type OR Mnt-En-Euros.MoisAbs <> MSMnt-En-Cents.MoisAbs'"
"0","Query2='SELECT MvtReel.*, Types.*, Types.TYPE AS TType, Types.LIBELLE AS TLib FROM MvtReel LEFT OUTER JOIN Types ON Types.TYPE = MvtReel.TYPE ORDER BY NMvt ASC'"
"0",""
"0","#dbGetQuery(conn,Query1)"
"0","MvtReel<-dbGetQuery(conn,Query2)"
"0","#glimpse(MvtReel)"
"0","# Get journal csv"
"0","Journal_2020 <- read.csv(myCSV,header=TRUE,sep=';')"
"0","Journal_2020$Montant<-as.numeric(as.character(Journal_2020$Montant))"
"0","Journal_2020$DateDoc<-as.character(Journal_2020$DateDoc)"
"0","#glimpse(Journal_2020)"
