"x";"y"
3.89290882778582;3.14606741573034
4.45110605747365;1.27340823970038
6.96299359106885;7.64044943820225
10.8703741988836;16.2546816479401
11.4285714285714;20
12.5449658879471;20.749063670412
12.824064502791;14.0074906367041
13.6613603473227;25.6179775280899
13.9404589621666;7.64044943820225
15.3359520363862;32.7340823970037
19.243332644201;26.7415730337079
19.5224312590449;40.9737827715356
23.9880090965475;55.2059925093633
25.383502170767;47.3408239700374
25.6626007856109;39.1011235955056
26.2207980152987;38.7265917602996
28.7326855488939;47.3408239700374
30.6863758528013;43.5955056179775
35.1519536903039;42.0973782771536
36.2683481496796;58.9513108614232
36.8265453793674;51.0861423220974
36.8265453793674;33.4831460674157
38.7802356832748;39.8501872659176
42.9667149059334;28.9887640449438
44.6413065949969;36.4794007490637
52.1769691957825;46.2172284644195
53.851560884846;23.3707865168539
54.9679553442216;43.9700374531835
56.0843498035973;37.6029962546816
63.340913789539;37.2284644194757
63.8991110192268;66.8164794007491
66.410998552822;51.0861423220974
66.6900971676659;55.2059925093633
67.2482943973537;70.936329588015
70.8765763903246;71.685393258427
73.9466611536076;80.2996254681648
76.1794500723589;86.6666666666667
89.0179863551788;90.7865168539326
94.0417614223692;85.5430711610487
100.740128178623;88.5393258426966
