"0","myDB <-BudgetDB"
"0","conn <- dbConnect(drv = SQLite(), dbname= myDB)"
"0","LT<-dbListTables(conn)"
"0","dbListFields(conn,""MvtReel"")"
"1"," [1]"
"1"," ""TYPE""        "
"1"," ""MONTANT""     "
"1"," ""MoisAbs""     "
"1"," ""DateMvt""     "
"1"," ""DateVal""     "
"1"," ""Libelle""     "
"1"," ""NMvt""        "
"1","
"
"1"," [8]"
"1"," ""NextNew""     "
"1"," ""MoisReel""    "
"1"," ""AnReel""      "
"1"," ""MonBEF""      "
"1"," ""Contrepartie"""
"1"," ""IBAN""        "
"1"," ""Libelle2""    "
"1","
"
"1","[15]"
"1"," ""Libelle3""    "
"1"," ""LL2""         "
"1"," ""LL3""         "
"1","
"
"0","dbGetQuery(conn,""SELECT count(*) FROM MvtReel"")"
